Build %1$s	Derleme %1$s
"Pages you may like" cards and the cards Facebook uses to push its own features. In-feed surveys go too.	“Beğenebileceğin Sayfalar” kartları ve Facebook'un kendi özelliklerini öne çıkardığı kartlar. Akıştaki anketler de kalkar.
%1$d item in that file isn't a setting this version of Hushfacebook knows, so it'll be left out.	O dosyadaki %1$d öğe, Hushfacebook'un bu sürümünün tanıdığı ayarlardan değil, bu yüzden atlanacak.
%1$d items in that file aren't settings this version of Hushfacebook knows, so they'll be left out.	O dosyadaki %1$d öğe, Hushfacebook'un bu sürümünün tanıdığı ayarlardan değil, bu yüzden atlanacak.
%1$d switch will change.	%1$d anahtar değişecek.
%1$d switches will change.	%1$d anahtar değişecek.
%1$s of %2$s	%1$s / %2$s
%1$s so far	Şimdiye kadar %1$s
%1$s. It was set when you patched, so Pause can't turn it off. To rule it out, patch again and leave out that patch.	%1$s. Yamaladığında ayarlandığı için Duraklatma bunu kapatamaz. Bunu elemek için yeniden yamala ve o yamayı dışarıda bırak.
%1$s. They were set when you patched, so Pause can't turn them off. To rule one out, patch again and leave out the patch in brackets after it.	%1$s. Yamaladığında ayarlandıkları için Duraklatma bunları kapatamaz. Birini elemek için yeniden yamala ve onun ardından parantez içinde yazan yamayı dışarıda bırak.
A change here applies after Facebook restarts.	Buradaki bir değişiklik Facebook yeniden başladıktan sonra geçerli olur.
A diagnostic report is already being saved.	Bir tanılama raporu zaten kaydediliyor.
Add a Download button to reels, using your download quality. Off or paused, Facebook's own buttons return.	Reels'e indirme kalitenizle İndir düğmesi ekler. Kapalı veya duraklatılmışken Facebook'un kendi düğmeleri geri gelir.
A file named %1$s in %2$s paused Hushfacebook.	%2$s içindeki %1$s adlı bir dosya Hushfacebook'u duraklattı.
About	Hakkında
Ad cards between the stories people posted.	İnsanların paylaştığı hikayeler arasındaki reklam kartları.
Ad telemetry blocked	Reklam telemetrisi engellendi
Add Download to phone to feed and Watch video menus. Uses the quality below. Off or paused, Facebook's menu returns.	Akış ve Watch video menülerine Telefona indir ekler. Aşağıdaki kaliteyi kullanır. Kapalı veya duraklatılmışken Facebook menüsü geri gelir.
Add Save to every story menu, using your download quality. Off or paused, Facebook only saves your own stories.	Her hikaye menüsüne indirme kalitenizle Kaydet ekler. Kapalı veya duraklatılmışken Facebook yalnızca kendi hikayelerinizi kaydeder.
Ads inside Reels, starting with the next batch Facebook loads. Banners, mid-rolls and app-inserted ads stay blocked even while paused.	Reels içindeki reklamlar, Facebook'un yüklediği bir sonraki gruptan itibaren. Banner'lar, video ortası reklamlar ve uygulamanın eklediği reklamlar duraklatıldığında da engellenir.
AMOLED black theme	AMOLED siyah tema
Appearance	Görünüm
Audience Network off	Audience Network kapalı
Back	Geri
Background ad prefetch blocked	Arka planda reklam indirme engellendi
Cancel	İptal
Cancel saving this photo	Bu fotoğrafın kaydedilmesini iptal et
Cancel saving this video	Bu videonun kaydedilmesini iptal et
Changing these	Bunları değiştirmek
Choose a settings file. Before anything is imported, you'll see how many switches it changes and any new download settings.	Bir ayar dosyası seç. İçe aktarmadan önce kaç anahtarın değişeceğini ve yeni indirme ayarlarını görürsün.
Clear diagnostic data	Tanılama verilerini temizle
Copy a quick report or save the full one to Download/Morphe. Links, IDs, cookies and sign-in tokens are left out. Check it for other private text before you share it.	Kısa raporu kopyala veya tam raporu Download/Morphe konumuna kaydet. Bağlantılar, kimlikler, çerezler ve oturum belirteçleri çıkarılır. Paylaşmadan önce başka özel bilgi olup olmadığına bak.
Copy quick report	Hızlı raporu kopyala
Copying to the gallery	Galeriye kopyalanıyor
Couldn't import the settings, and couldn't put back the ones you had. Check the switches on this screen.	Ayarlar içe aktarılamadı ve önceki ayarların geri yüklenemedi. Bu ekrandaki anahtarları kontrol et.
Couldn't import the settings. Nothing was changed.	Ayarlar içe aktarılamadı. Hiçbir şey değiştirilmedi.
Couldn't open or share that saved file. Try again.	Kaydedilen dosya açılamadı veya paylaşılamadı. Tekrar deneyin.
Couldn't open that file. Nothing was changed.	Bu dosya açılamadı. Hiçbir şey değiştirilmedi.
Couldn't open the file picker. Try again.	Dosya seçici açılamadı. Tekrar dene.
Couldn't put back the diagnostic data. Try again.	Tanılama verileri geri getirilemedi. Tekrar dene.
Couldn't save the settings file. Try again.	Ayar dosyası kaydedilemedi. Tekrar dene.
Couldn't save this video. Play it for a moment, then try again.	Bu video kaydedilemedi. Biraz oynat, sonra tekrar dene.
Couldn't start that. Try again in a moment.	Bu işlem başlatılamadı. Birazdan tekrar dene.
Couldn't start the report export. Try again shortly.	Rapor dışa aktarımı başlatılamadı. Birazdan tekrar dene.
Couldn't turn Hushfacebook back on. Try again.	Hushfacebook yeniden açılamadı. Tekrar dene.
Dark mode draws black instead of dark grey. Turn on dark mode in Facebook to see it.	Karanlık mod koyu gri yerine siyah görünür. Görmek için Facebook'ta karanlık modu aç.
Dark mode draws %1$s instead of dark grey. Turn on dark mode in Facebook to see it.	Karanlık mod koyu gri yerine %1$s rengiyle görünür. Görmek için Facebook'ta karanlık modu aç.
Debug logging	Hata ayıklama günlüğü
Diagnostic data cleared. Tap again to put it back.	Tanılama verileri temizlendi. Geri getirmek için tekrar dokun.
Diagnostic data put back.	Tanılama verileri geri getirildi.
Diagnostic report copied to the clipboard.	Tanılama raporu panoya kopyalandı.
Download	İndir
Download button on reels	Reels'teki İndir düğmesi
Download failed	İndirme başarısız oldu
Download feed and Watch videos	Akış ve Watch videolarını indir
Download to phone	Telefona indir
Downloading	İndiriliyor
Downloads	İndirmeler
Empties the log and the filter counts a report would include.	Bir raporun içereceği günlüğü ve filtre sayaçlarını boşaltır.
Every switch but Debug logging acts as if it were off, and what was set when you patched stays in. Your settings stay as they are.	Hata ayıklama günlüğü dışındaki her anahtar kapalıymış gibi davranır, yamaladığında ayarlananlar ise devrede kalır. Ayarların olduğu gibi kalır.
Export diagnostic report	Tanılama raporunu dışa aktar
Export settings	Ayarları dışa aktar
Facebook crashed or froze within a minute of starting three times in a row, so Hushfacebook paused itself.	Facebook açıldıktan sonraki bir dakika içinde üst üste üç kez çöktü veya dondu, bu yüzden Hushfacebook kendini duraklattı.
Facebook doesn't download ads or its ad model in the background.	Facebook reklamları veya reklam modelini arka planda indirmez.
Facebook doesn't serve ads to other apps on this phone.	Facebook bu telefondaki diğer uygulamalara reklam sunmaz.
Facebook dark mode and this screen use your wallpaper colours. Android 11 uses blue instead. Turn on Facebook dark mode to see it.	Facebook karanlık modu ve bu ekran duvar kâğıdının renklerini kullanır. Android 11 bunun yerine mavi kullanır. Görmek için Facebook karanlık modunu aç.
Hide Stories between posts	Gönderiler arasındaki Hikayeleri gizle
Joining the picture and sound	Görüntü ve ses birleştiriliyor
From the next start, every switch but Debug logging acts as if it were off. Changes made when you patched stay in, and your choices stay saved.	Sonraki açılıştan itibaren Hata ayıklama günlüğü dışındaki her anahtar kapalıymış gibi davranır. Yamaladığında ayarlananlar devrede kalır ve tercihlerin kayıtlı kalır.
Rows, large tiles and viewers of Stories between posts, starting with the next feed Facebook loads. The top Stories tray has its own switch.	Gönderiler arasındaki Hikaye sıraları, büyük kutucuklar ve görüntüleyiciler. Facebook'un yükleyeceği sonraki akıştan itibaren geçerlidir. Üstteki Hikaye tepsisinin ayrı bir anahtarı vardır.
Open	Aç
Photo saved	Fotoğraf kaydedildi
Settings exported. The app holding the file wouldn't let Hushfacebook read it back, so it wasn't checked.	Ayarlar dışa aktarıldı. Dosyayı tutan uygulama Hushfacebook'un onu geri okumasına izin vermedi, bu yüzden kontrol edilmedi.
Share	Paylaş
That saved file is no longer available.	Kaydedilen dosya artık kullanılamıyor.
The app holding that file is taking too long, so Hushfacebook stopped waiting. Nothing was changed.	O dosyayı tutan uygulama çok uzun sürüyor, bu yüzden Hushfacebook beklemeyi bıraktı. Hiçbir şey değiştirilmedi.
The app holding the last settings file still hasn't answered. Try again later.	Son ayar dosyasını tutan uygulama hâlâ yanıt vermedi. Daha sonra tekrar dene.
The app holding the settings file is taking too long, so Hushfacebook stopped waiting. That app may still finish saving it, so check the file before you rely on it.	Ayar dosyasını tutan uygulama çok uzun sürüyor, bu yüzden Hushfacebook beklemeyi bıraktı. O uygulama kaydetmeyi yine de bitirebilir, bu yüzden dosyaya güvenmeden önce onu kontrol et.
The file %1$s couldn't be removed. Delete it from %2$s, then tap Resume again.	%1$s dosyası kaldırılamadı. Onu %2$s içinden sil, sonra yeniden Devam et'e dokun.
The settings file was saved, but it doesn't read back as what was written. Save it again as a new file.	Ayar dosyası kaydedildi, ancak geri okunduğunda yazılanla aynı değil. Yeni bir dosya olarak tekrar kaydet.
There's no app here that can open or share this saved file.	Bu kaydedilen dosyayı açabilecek veya paylaşabilecek bir uygulama yok.
Until you resume, every switch but Debug logging acts as if it were off. Changes made when you patched stay in.	Devam ettirene kadar Hata ayıklama günlüğü dışındaki her anahtar kapalıymış gibi davranır. Yamaladığında ayarlananlar devrede kalır.
Use your phone's emoji. Reactions and stickers stay the same. Restart Facebook after changing it.	Telefonunuzun emojilerini kullanır. İfadeler ve çıkartmalar aynı kalır. Değiştirdikten sonra Facebook'u yeniden başlatın.
Tab bar at the bottom	Sekme çubuğu altta
Put Facebook's tab bar at the bottom of the screen on accounts that have it at the top. Restart Facebook after changing it.	Facebook'un sekme çubuğunu, onu üstte gösteren hesaplarda ekranın altına taşır. Değiştirdikten sonra Facebook'u yeniden başlatın.
Force dark mode	Karanlık modu zorla
Keep Facebook in dark mode whatever its own setting says, for tablets where Facebook's settings have no Dark mode. Restart Facebook after changing it.	Kendi ayarı ne olursa olsun Facebook'u karanlık modda tutar. Facebook ayarlarında Karanlık mod bulunmayan tabletler içindir. Değiştirdikten sonra Facebook'u yeniden başlatın.
Use your phone's font or a file chosen below. Restart Facebook after changing it.	Telefonunuzun yazı tipini veya aşağıdan seçilen dosyayı kullanır. Değiştirdikten sonra Facebook'u yeniden başlatın.
Font file	Yazı tipi dosyası
Use your phone's font	Telefonun yazı tipini kullan
Stops using the font file and goes back to your phone's font.	Yazı tipi dosyasını bırakır ve telefonunun yazı tipine geri döner.
None chosen, so your phone's font is used. Choose a TrueType or OpenType file of up to %1$d MB.	Hiçbiri seçilmedi, bu yüzden telefonunun yazı tipi kullanılıyor. En fazla %1$d MB boyutunda bir TrueType veya OpenType dosyası seç.
Hushfacebook's copy of %1$s is gone, so your phone's font is used. Choose the file again.	Hushfacebook'un %1$s kopyası yok, bu yüzden telefonunun yazı tipi kullanılıyor. Dosyayı yeniden seç.
Using %1$s. Choose another file to replace it.	%1$s kullanılıyor. Değiştirmek için başka bir dosya seç.
Copying the font file	Yazı tipi dosyası kopyalanıyor
Font set to %1$s. Restart Facebook to see it.	Yazı tipi %1$s olarak ayarlandı. Görmek için Facebook'u yeniden başlat.
That isn't a TrueType or OpenType font file. Your font didn't change.	Bu bir TrueType veya OpenType yazı tipi dosyası değil. Yazı tipin değişmedi.
That font file is over %1$d MB. Your font didn't change.	Bu yazı tipi dosyası %1$d MB'tan büyük. Yazı tipin değişmedi.
Android couldn't draw with that font file. Your font didn't change.	Android bu yazı tipi dosyasıyla çizim yapamadı. Yazı tipin değişmedi.
Couldn't save a copy of that font. Check that the phone has room, then try again.	Bu yazı tipinin kopyası kaydedilemedi. Telefonda yer olup olmadığını kontrol et, sonra tekrar dene.
Couldn't open that file. Your font didn't change.	Bu dosya açılamadı. Yazı tipin değişmedi.
Back to your phone's font. Restart Facebook to see it.	Telefonunun yazı tipine geri dönüldü. Görmek için Facebook'u yeniden başlat.
Couldn't go back to your phone's font. Try again.	Telefonunun yazı tipine geri dönülemedi. Tekrar dene.
Full report saved to %1$s	Tam rapor şuraya kaydedildi: %1$s
GPL-3.0, with the notices of the projects this is built on	GPL-3.0, üzerine kurulduğu projelerin lisans bildirimleriyle
Hide "People you may know"	“Tanıyor olabileceğin kişiler” bölümünü gizle
Hide "Suggested for you" posts	“Senin için önerilenler” gönderilerini gizle
Hide AI-detected posts	Yapay zekâ ile üretildiği tespit edilen gönderileri gizle
Hide promoted posts	Tanıtılan gönderileri gizle
Hide Reels in the feed	Akıştaki Reels videolarını gizle
Hide sponsored posts	Sponsorlu gönderileri gizle
Hide sponsored reels	Sponsorlu Reels videolarını gizle
Hide sponsored stories	Sponsorlu hikayeleri gizle
Hide page suggestions and Facebook's own promos	Sayfa önerilerini ve Facebook'un kendi tanıtımlarını gizle
Hide the Stories tray	Hikaye şeridini gizle
How far a photo or video you're saving has got, with a button to cancel it	Kaydettiğin fotoğraf veya videonun ilerleme durumu ve iptal etmek için bir düğme
Hushfacebook %1$s on Facebook %2$s	Facebook %2$s üzerinde Hushfacebook %1$s
Hushfacebook is on	Hushfacebook açık
Hushfacebook is paused	Hushfacebook duraklatıldı
Hushfacebook saves	Hushfacebook kaydetme işlemleri
Hushfacebook settings	Hushfacebook ayarları
Hushfacebook settings couldn't open	Hushfacebook ayarları açılamadı
Hushfacebook turns back on when Facebook restarts.	Hushfacebook, Facebook yeniden başladığında tekrar açılır.
Import	İçe aktar
Import settings	Ayarları içe aktar
Importing settings	Ayarlar içe aktarılıyor
Licenses	Lisanslar
Link expired. Reopen the item and try again	Bağlantının süresi doldu. Öğeyi yeniden açıp tekrar dene
Links	Bağlantılar
Privacy	Gizlilik
Material You theme	Material You teması
News feed	Akış
No screenshot watching for ads, and no reports of which apps you install.	Reklamlarda ekran görüntüsü takibi yok, hangi uygulamaları yüklediğine dair rapor da yok.
Not saved: that isn't a Facebook photo or video	Kaydedilmedi: Bu bir Facebook fotoğrafı veya videosu değil
Not saved: the file is over 512 MB	Kaydedilmedi: Dosya 512 MB'tan büyük
OK	Tamam
Choose a folder name under Movies and Pictures. Invalid characters become underscores. Leave it blank to use the default folder, %1$s.	Movies ve Pictures altında bir klasör adı seç. Geçersiz karakterler alt çizgiye dönüşür. Varsayılan %1$s klasörünü kullanmak için boş bırak.
Open links in your browser	Bağlantıları tarayıcında aç
Paid ads in the feed. They're dropped before Facebook adds them, so no gap is left.	Akıştaki ücretli reklamlar. Facebook eklemeden önce çıkarıldıkları için yerlerinde boşluk kalmaz.
Pause Hushfacebook	Hushfacebook'u duraklat
Posts Facebook files as promotions rather than as ads.	Facebook'un reklam yerine tanıtım olarak saydığı gönderiler.
Posts Facebook slips into your feed from people and pages you don't follow and groups you haven't joined.	Takip etmediğin kişi ve sayfalardan ve katılmadığın gruplardan Facebook'un akışına kattığı gönderiler.
Posts that Facebook's own detection marks as made with AI. A post that only its creator labelled as AI stays. It's off by default because it hasn't been tested on a real feed yet.	Facebook'un kendi tespitinin yapay zekâ ile üretildiğini işaretlediği gönderiler. Yalnızca oluşturan kişinin yapay zekâ olarak etiketlediği bir gönderi kalır. Bu anahtar henüz gerçek bir akışta test edilmediği için varsayılan olarak kapalıdır.
Profiles and some Settings pages open again on this re-signed build.	Profiller ve bazı Ayarlar sayfaları bu yeniden imzalanmış sürümde tekrar açılır.
Profiles and some Settings pages won't open	Profiller ve bazı Ayarlar sayfaları açılmayacak
Patch again with %1$s selected. Re-signed builds need it for profiles and some Facebook Settings pages.	%1$s seçiliyken yeniden yamala. Yeniden imzalanmış sürümler profiller ve bazı Facebook Ayarları sayfaları için buna ihtiyaç duyar.
Re-signed build fix	Yeniden imzalanmış sürüm düzeltmesi
Reading the settings file	Ayar dosyası okunuyor
Reels and Watch	Reels ve Watch
How to block Reels	Reels nasıl engellenir
Reels show up in four places, and each one has its own control.	Reels dört yerde görünür ve her birinin kendi ayarı vardır.
Reels in the feed	Akıştaki Reels
In News feed, Hide Reels in the feed blocks the rows of reels between posts.	Akış bölümündeki “Akıştaki Reels videolarını gizle”, gönderiler arasındaki Reels sıralarını engeller.
Reels that play by themselves	Kendiliğinden oynayan Reels
In Playback, Tap to play blocks autoplay, so reels and other videos wait for your tap.	Oynatma bölümündeki “Oynatmak için dokun”, otomatik oynatmayı engeller. Böylece Reels ve diğer videolar dokunmanı bekler.
The Reels tab	Reels sekmesi
Facebook's own setting blocks it. Open Settings, Tab bar, Customize the bar and choose Hide next to Reels, which some accounts call Video. If neither is listed, choose the %1$s patch in Morphe Manager and patch again.	Bunu Facebook'un kendi ayarı engeller. Ayarlar, Sekme çubuğu, Çubuğu özelleştir bölümünü aç ve Reels'in yanındaki Gizle'yi seç. Bazı hesaplarda Reels'in adı Video'dur. İkisi de listede yoksa Morphe Manager'da %1$s yamasını seç ve yeniden yamala.
In Reels and Watch, Hide the Reels tab blocks it after a restart.	“Reels ve Watch” bölümündeki “Reels sekmesini gizle”, yeniden başlatmadan sonra onu engeller.
Hide the Reels tab	Reels sekmesini gizle
Take the Reels tab, called Video on some accounts, off the tab bar. Reel links and reels in the feed still open. Changes show after Facebook restarts.	Bazı hesaplarda Video adını taşıyan Reels sekmesini sekme çubuğundan kaldırır. Reels bağlantıları ve akıştaki Reels videoları açılmaya devam eder. Değişiklikler Facebook yeniden başlatılınca görünür.
Facebook opens on Home while Hide the Reels tab is on, since Video is off the tab bar. Your choice stays saved.	“Reels sekmesini gizle” açıkken Facebook Ana Sayfa'da açılır, çünkü Video sekme çubuğunda yoktur. Seçiminiz kayıtlı kalır.
Everything except Marketplace	Marketplace dışındaki her şey
In Opening Facebook, Marketplace only blocks the feed, the Reels tab and the other social tabs after a restart.	“Facebook açılırken” bölümündeki “Yalnızca Marketplace”, yeniden başlatmadan sonra akışı, Reels sekmesini ve diğer sosyal sekmeleri engeller.
Not in this build. To block this, choose the %1$s patch in Morphe Manager and patch again.	Bu sürümde yok. Bunu engellemek için Morphe Manager'da %1$s yamasını seç ve yeniden yamala.
Remove tracking from shared links	Paylaşılan bağlantılardan izlemeyi kaldır
Retry	Yeniden dene
Save any story	Herhangi bir hikayeyi kaydet
Save cancelled	Kaydetme iptal edildi
Save folder	Kayıt klasörü
Save full report	Tam raporu kaydet
Saved to %1$s	Şuraya kaydedildi: %1$s
Saved to the gallery	Galeriye kaydedildi
Saved to %1$s in lower quality than on Facebook	Şuraya Facebook'takinden düşük kalitede kaydedildi: %1$s
Saved to the gallery in lower quality than on Facebook	Galeriye Facebook'takinden düşük kalitede kaydedildi
Saved. Restart Facebook to apply this change.	Kaydedildi. Bu değişikliği uygulamak için Facebook'u yeniden başlat.
Save your switches and download settings to a file. Pause and Debug logging aren't included, and neither is the release check.	Anahtarlarını ve indirme ayarlarını bir dosyaya kaydet. Duraklatma ve Hata ayıklama günlüğü dahil edilmez, sürüm denetimi de edilmez.
Check for new Hushfacebook releases	Yeni Hushfacebook sürümlerini denetle
Ask GitHub once a day at startup and show newer releases on the overview. Off by default. Nothing is downloaded.	Başlangıçta günde bir kez GitHub'ı kontrol eder ve yeni sürümleri genel bakışta gösterir. Varsayılan olarak kapalıdır. Hiçbir şey indirilmez.
Check now	Şimdi denetle
Asks GitHub for the newest release right now, even with the switch above off.	Yukarıdaki anahtar kapalı olsa bile GitHub'a en yeni sürümü hemen sorar.
Checking GitHub now.	GitHub şu anda denetleniyor.
Hushfacebook %1$s is out. Update it in Morphe Manager.	Hushfacebook %1$s çıktı. Morphe Manager'da güncelle.
It targets Facebook %1$s.	Facebook %1$s için hazırlandı.
Hushfacebook %1$s targets Facebook %2$s.	Hushfacebook %1$s, Facebook %2$s için hazırlandı.
Video saved	Video kaydedildi
You have the newest Hushfacebook release.	En yeni Hushfacebook sürümünü kullanıyorsun.
The newest Hushfacebook release is %1$s.	En yeni Hushfacebook sürümü %1$s.
Couldn't reach GitHub. Try again later.	GitHub'a ulaşılamadı. Daha sonra tekrar dene.
GitHub is turning away checks from this network for now. Try again later.	GitHub şu an bu ağdan gelen sorguları geri çeviriyor. Daha sonra tekrar dene.
GitHub's answer couldn't be used. Try again later.	GitHub'ın yanıtı kullanılamadı. Daha sonra tekrar dene.
Saves will go to a folder named %1$s.	Kaydettiklerin %1$s adlı bir klasöre gidecek.
Saving a photo	Fotoğraf kaydediliyor
Saving a video	Video kaydediliyor
Saving the settings file	Ayar dosyası kaydediliyor
Saving...	Kaydediliyor...
Set when you patched	Yamaladığında ayarlananlar
Settings couldn't open	Ayarlar açılamadı
Settings couldn't refresh completely. Reopen settings and try again.	Ayarlar tamamen yenilenemedi. Ayarları yeniden açıp tekrar dene.
Settings exported.	Ayarlar dışa aktarıldı.
Settings imported. %1$d switch changed.	Ayarlar içe aktarıldı. %1$d anahtar değişti.
Settings imported. %1$d switches changed.	Ayarlar içe aktarıldı. %1$d anahtar değişti.
Settings imported. Saves will go to a folder named %1$s.	Ayarlar içe aktarıldı. Kaydettiklerin %1$s adlı bir klasöre gidecek.
Source code and issues	Kaynak kodu ve sorunlar
Stays in while paused	Duraklatılsa da devrede kalır
Stories	Hikayeler
Takes tracking tags such as mibextid off the links you share or copy. A facebook.com/share/ link is made for one share, so Facebook can still trace it back to you.	Paylaştığın veya kopyaladığın bağlantılardan mibextid gibi izleme etiketlerini kaldırır. Bir facebook.com/share/ bağlantısı tek bir paylaşım için oluşturulur, bu yüzden Facebook onu yine de seninle ilişkilendirebilir.
Tap to turn it back on.	Yeniden açmak için dokun.
That file is too large to be a settings file. Nothing was changed.	Bu dosya bir ayar dosyası olamayacak kadar büyük. Hiçbir şey değiştirilmedi.
That file isn't readable text, so it may have been damaged on the way. Nothing was changed.	Bu dosya okunabilir bir metin değil, aktarım sırasında hasar görmüş olabilir. Hiçbir şey değiştirilmedi.
That file lists a setting twice, so there's no telling which value to use. Nothing was changed.	Bu dosyada bir ayar iki kez geçiyor, bu yüzden hangi değerin kullanılacağı belli değil. Hiçbir şey değiştirilmedi.
That isn't a Hushfacebook settings file. Nothing was changed.	Bu bir Hushfacebook ayar dosyası değil. Hiçbir şey değiştirilmedi.
That settings file holds a value Hushfacebook can't read. Nothing was changed.	Bu ayar dosyasında Hushfacebook'un okuyamadığı bir değer var. Hiçbir şey değiştirilmedi.
The word lists in that file are longer than the two lists have room for. Nothing was changed.	Bu dosyadaki kelime listeleri iki listenin alanına sığmıyor. Hiçbir şey değiştirilmedi.
That settings file is damaged or only partly downloaded. Nothing was changed.	Bu ayar dosyası hasarlı ya da yalnızca bir kısmı indirilmiş. Hiçbir şey değiştirilmedi.
That settings file was written by a newer Hushfacebook than this one. Nothing was changed.	Bu ayar dosyası, Hushfacebook'un bu sürümünden daha yeni bir sürümüyle oluşturulmuş. Hiçbir şey değiştirilmedi.
the Audience Network block	Audience Network engeli
the black background in dark mode	karanlık moddaki siyah arka plan
the block on downloading ads in the background	arka planda reklam indirme engeli
the block on reports of ad screenshots and app installs	reklam ekran görüntüleri ve uygulama yüklemeleriyle ilgili raporların engellenmesi
The diagnostic report couldn't be saved yet. Try again in a moment.	Tanılama raporu henüz kaydedilemedi. Birazdan tekrar dene.
The diagnostic report couldn't be saved. Try again.	Tanılama raporu kaydedilemedi. Tekrar dene.
The file %1$s couldn't be removed. Delete it from %2$s to turn Hushfacebook back on.	%1$s dosyası kaldırılamadı. Hushfacebook'u yeniden açmak için onu %2$s içinden sil.
the part of the Reels ad block patched into the app	Reels reklam engelinin uygulamaya yamalanan kısmı
the re-signed build fix	yeniden imzalanmış sürüm düzeltmesi
the start-up fix for x86 devices	x86 cihazlar için açılış düzeltmesi
the recoloured dark mode	yeniden renklendirilmiş karanlık mod
The row of friend suggestions between posts, and the one on your own profile.	Gönderilerin arasındaki arkadaş önerileri satırı ve kendi profilindeki satır.
The row of stories at the top of the feed, Create story included.	Akışın üstündeki hikaye sırası, Hikaye oluştur dahil.
The rows of reels between posts, and the reels Facebook adds where your feed ends.	Gönderilerin arasındaki Reels sıraları ve Facebook'un akışının bittiği yere eklediği Reels videoları.
The setting couldn't finish updating. Its saved value is shown.	Ayarın güncellenmesi tamamlanamadı. Kayıtlı değeri gösteriliyor.
There's no diagnostic data to clear.	Temizlenecek tanılama verisi yok.
There's no diagnostic data to put back.	Geri getirilecek tanılama verisi yok.
They're chosen in Morphe Manager when you patch, and Pause doesn't turn them off. Patch again to change them.	Bunlar yamalarken Morphe Manager'da seçilir ve Duraklatma bunları kapatmaz. Değiştirmek için yeniden yamala.
This phone has no file picker, so there's no way to choose a file here.	Bu telefonda dosya seçici yok, bu yüzden burada dosya seçmenin bir yolu yok.
Try again, or go back to Facebook.	Tekrar dene veya Facebook'a geri dön.
A change shows the next time you pull down to refresh.	Değişiklik, bir dahaki sefere aşağı çekip yenilediğinizde görünür.
Use the system font	Sistem yazı tipini kullan
Use the phone's emoji	Telefonun emojilerini kullan
Version	Sürüm
Videos go to %1$s and photos to %2$s.	Videolar %1$s klasörüne, fotoğraflar %2$s klasörüne kaydedilir.
Open web links in your browser. Facebook's own pages stay in the app.	Web bağlantılarını tarayıcınızda açar. Facebook sayfaları uygulamada kalır.
Record patch activity and show errors for a bug report. Leave off during normal use.	Hata raporu için yama etkinliğini kaydeder ve hataları gösterir. Normal kullanımda kapalı bırakın.
You paused Hushfacebook.	Hushfacebook'u duraklattın.
Your switches already match that file, so nothing will change.	Anahtarların zaten o dosyayla aynı, bu yüzden hiçbir şey değişmeyecek.
Keep feed position on return	Geri dönünce akış konumunu koru
Returning to Facebook within ten minutes keeps your place. Pull to refresh still works.	Facebook'a on dakika içinde dönersen kaldığın yer korunur. Yenilemek için aşağı çekmeye devam edebilirsin.
No time limit	Süre sınırı yok
With the switch above on, your place stays however long you're away. Pull to refresh and a fresh start still load new posts.	Yukarıdaki anahtar açıkken ne kadar uzun süre uzakta kalırsan kal yerin korunur. Yenilemek için çekmek ve uygulamayı yeniden başlatmak yine yeni gönderileri yükler.
A finished story stays on screen until you tap or swipe. Turn this off for Facebook's timing.	Biten bir hikaye, dokunana veya kaydırana kadar ekranda kalır. Facebook'un zamanlamasını kullanmak için bunu kapat.
View stories anonymously	Hikayeleri anonim olarak izle
Facebook isn't told which stories you watch, so you stay off their viewer lists. Replying or reacting still shows you, and stories you've watched keep their unwatched ring.	Facebook hangi hikayeleri izlediğini öğrenmez, bu yüzden izleyici listelerinde yer almazsın. Yanıt vermek veya tepki bırakmak yine de seni gösterir. İzlediğin hikayeler izlenmemiş halkasını korur.
Stop Story auto-advance	Hikayelerin otomatik ilerlemesini durdur
Copy a short report to the clipboard.	Kısa raporu panoya kopyalar.
Save the full report in Download/Morphe.	Tam raporu Download/Morphe konumuna kaydeder.
Folder set to %1$s.	Klasör %1$s olarak ayarlandı.
Save	Kaydet
Folder name	Klasör adı
Hide prompts and promos under reels	Reels videolarının altındaki davetleri ve tanıtımları gizle
Remix, Use template, Add yours and Edits buttons, plus Stars, games, partner apps and outside links. The song and other labels stay.	Remix, şablon kullanma, kendi videonu ekleme ve Edits düğmeleri ile yıldız, oyun, iş ortağı uygulaması ve dış bağlantı düğmeleri. Şarkı ve diğer etiketler kalır.
Hide the Follow button on reels	Reels videolarındaki Takip Et düğmesini gizle
The Follow button next to the reel's author. You can still follow them from their profile.	Reels videosunu paylaşan kişinin adının yanındaki Takip Et düğmesi. Onu profilinden yine takip edebilirsin.
Hide comment and reaction previews	Yorum ve tepki önizlemelerini gizle
The comment Facebook previews under a reel and the bubbles of friends who reacted. Open the comments to see them all.	Facebook'un bir Reels videosunun altında önizleme olarak gösterdiği yorum ve tepki veren arkadaşlarının baloncukları. Hepsini görmek için yorumları aç.
Download quality	İndirme kalitesi
Best	En iyi
Smallest	En küçük
Each video saves at the best quality the player streams.	Her video, oynatıcının sunduğu en iyi kalitede kaydedilir.
Each video saves at its lowest quality, for the smallest file.	Her video en düşük kalitesinde kaydedilir, böylece dosya en küçük olur.
Each video saves at %1$s or the closest quality below it. A video with nothing that low saves at the closest quality above.	Her video %1$s kalitesinde ya da bunun altındaki en yakın kalitede kaydedilir. Bu kadar düşük kalitesi olmayan video, bunun üstündeki en yakın kalitede kaydedilir.
Videos will save at the best quality.	Videolar en iyi kalitede kaydedilecek.
Videos will save at their lowest quality, for the smallest files.	Videolar en düşük kalitelerinde kaydedilecek, böylece dosyalar en küçük olur.
Videos will save at %1$s or the closest quality below it. A video with nothing that low will save at the closest quality above.	Videolar %1$s kalitesinde ya da bunun altındaki en yakın kalitede kaydedilecek. Bu kadar düşük kalitesi olmayan video, bunun üstündeki en yakın kalitede kaydedilecek.
Settings imported.	Ayarlar içe aktarıldı.
Video file name	Video dosya adı
%1$s becomes the date and time of the save, %2$s the video's number on Facebook, %3$s who posted it, %4$s their profile's number on Facebook and %5$s the day it was posted. What a save doesn't know is left out, and a name with none of these gets the date added. When the name is already in the folder, the time of the save goes on the end. Invalid characters become underscores. Leave it blank to use the default, %6$s.	%1$s kaydetme tarihine ve saatine, %2$s videonun Facebook'taki numarasına, %3$s paylaşan kişinin adına, %4$s paylaşanın Facebook'taki profil numarasına, %5$s ise paylaşıldığı güne dönüşür. Kaydederken bilinmeyenler dışarıda bırakılır ve bunların hiçbirini içermeyen bir ada tarih eklenir. Ad klasörde zaten varsa sonuna kaydetme saati eklenir. Geçersiz karakterler alt çizgiye dönüşür. Varsayılan %6$s adını kullanmak için boş bırak.
Videos are named %1$s. Photos keep Facebook's own %2$s names.	Videoların adı %1$s olur. Fotoğraflar Facebook'un kendi %2$s adlarını korur.
Saved videos will be named %1$s.	Kaydedilen videoların adı %1$s olacak.
File name	Dosya adı
File name set to %1$s.	Dosya adı %1$s olarak ayarlandı.
Hide AI-detected reels and videos	Yapay zekâ ile üretildiği tespit edilen reels ve videoları gizle
No app on this phone can open the link. The address is %1$s.	Bu telefondaki hiçbir uygulama bağlantıyı açamıyor. Adres: %1$s.
Hushfacebook pauses when Facebook restarts.	Hushfacebook, Facebook yeniden başladığında duraklatılır.
Pause, backup and diagnostics	Duraklatma, yedekleme ve tanılama
Updates	Güncellemeler
Stop update prompts	Güncelleme uyarılarını durdur
Facebook stops asking you to update through Meta App Manager and stops having it look for one. Chat promotions aimed at older versions go too. A patched build can't install Meta's updates anyway.	Facebook, Meta App Manager üzerinden güncelleme istemeyi ve ona güncelleme aratmayı bırakır. Eski sürümlere yönelik sohbet tanıtımları da kalkar. Yamalı bir sürüm zaten Meta'nın güncellemelerini yükleyemez.
Reels and Watch videos that Facebook's own detection marks as made with AI, starting with the next batch Facebook loads. One that only its creator labelled as AI stays. It's off by default because it hasn't been tested on a real account yet.	Facebook'un kendi tespitinin yapay zekâ ile üretildiğini işaretlediği reels ve Watch videoları, Facebook'un yüklediği bir sonraki gruptan itibaren. Yalnızca oluşturan kişinin yapay zekâ olarak etiketlediği bir video kalır. Bu anahtar henüz gerçek bir hesapla test edilmediği için varsayılan olarak kapalıdır.
Don't send reel watch history	Reels izleme geçmişini gönderme
Hold back analytics uploads	Analiz yüklemelerini beklet
Facebook stops uploading its app analytics in the background and skips its on-device learning jobs. Restart Facebook after changing it.	Facebook uygulama analizlerini arka planda yüklemeyi bırakır ve cihaz üzerindeki öğrenme görevlerini atlar. Değiştirdikten sonra Facebook'u yeniden başlatın.
Allow screenshots	Ekran görüntülerine izin ver
Screenshots and screen recordings show the pages Facebook blocks them on. A page that's already open changes when you open it again.	Ekran görüntüleri ve ekran kayıtları, Facebook'un bunları engellediği sayfaları da gösterir. Zaten açık olan bir sayfa, onu yeniden açtığında değişir.
Block screenshot detection	Ekran görüntüsü algılamayı engelle
Facebook doesn't notice when you take a screenshot or record the screen, so nothing it does in response happens.	Facebook ekran görüntüsü aldığını veya ekranı kaydettiğini fark etmez, bu yüzden buna karşılık yapacağı hiçbir şey olmaz.
Stop sending watched-reel lists to Facebook. It uses them to rank your feed, so watched reels may return.	İzlenen Reels listelerini Facebook'a göndermeyi durdurur. Listeler akışı sıraladığından izlenen Reels tekrar görünebilir.
the rename of the shared permissions	paylaşılan izinlerin yeniden adlandırılması
Room for Meta's apps	Meta uygulamalarına yer
Messenger, Facebook Lite, Business Suite and Workplace install beside this Facebook. It gives the two permissions they share with it names of its own.	Messenger, Facebook Lite, Business Suite ve Workplace bu Facebook'un yanına yüklenebilir. Onlarla paylaştığı iki izne kendi adlarını verir.
Opening Facebook	Facebook açılırken
Open on a chosen tab	Seçilen sekmede aç
Choose where Facebook opens from its icon. Notifications and links still open their destination.	Facebook simgesinden açılacak sekmeyi seçin. Bildirimler ve bağlantılar yine kendi hedeflerini açar.
Tab to open on	Açılışta gösterilecek sekme
Home	Ana Sayfa
Feeds	Akışlar
Video	Video
Friends	Arkadaşlar
Marketplace	Marketplace
Notifications	Bildirimler
Menu	Menü
Facebook opens on %1$s. If your tab bar doesn't have it, Facebook opens on Home.	Facebook %1$s sekmesinde açılır. Sekme çubuğunda bu sekme yoksa Facebook Ana Sayfa'da açılır.
Facebook will open on %1$s.	Facebook %1$s sekmesinde açılacak.
Jump to a section	Bir bölüme git
Go straight to one group of settings. Back returns to where you were.	Doğrudan bir ayar grubuna git. Geri, bulunduğun yere döndürür.
Save videos other apps can open	Videoları diğer uygulamaların açabileceği biçimde kaydet
For WhatsApp, video editors such as CapCut and InShot, or a gallery or player that plays saves without sound. May lower quality.	WhatsApp, CapCut ve InShot gibi video düzenleyiciler ya da kaydedilen videoları sessiz oynatan bir galeri veya oynatıcı için. Kaliteyi düşürebilir.
Chats	Sohbetler
Hide the Get Messenger card	Messenger'ı Edin kartını gizle
The card at the top of Chats that asks you to get the Messenger app goes while Messenger is installed. Without Messenger it stays, so you can still install it from there.	Sohbetler'in en üstünde Messenger uygulamasını edinmeni isteyen kart, Messenger yüklü olduğu sürece kaybolur. Messenger yoksa kart kalır, böylece onu yine oradan yükleyebilirsin.
Open the Messenger app	Messenger uygulamasını aç
Playback	Oynatma
Tap to play	Oynatmak için dokun
Videos, reels, stories and music wait for your tap. Facebook's Autoplay setting temporarily reads Off.	Videolar, Reels, hikayeler ve müzik dokunmanızı bekler. Facebook'un Otomatik Oynatma ayarı geçici olarak Kapalı görünür.
Marketplace only	Yalnızca Marketplace
Hide Upgrades	“Yükseltmeler” bölümünü gizle
The Upgrades section and its offers leave Facebook's Menu. Settings, Help and support and the rest of the Menu stay.	“Yükseltmeler” bölümü ve teklifleri Facebook menüsünden kalkar. Ayarlar, Yardım ve destek ve menünün geri kalanı yerinde kalır.
Hide Also from Meta	“Meta'dan diğerleri” bölümünü gizle
The Also from Meta section leaves Facebook's Menu, with its links to Meta's other apps and its ads for Meta's devices. Your own shortcuts stay.	“Meta'dan diğerleri” bölümü, Meta'nın diğer uygulamalarına giden bağlantıları ve Meta cihazlarının reklamlarıyla birlikte Facebook menüsünden kalkar. Kendi kısayolların yerinde kalır.
Search	Arama
Hide Meta AI in search	Aramada Meta AI'ı gizle
Search results lose the Meta AI answer and the Ask Meta AI prompts, and a suggestion no longer sends your search to Meta AI. People, groups, pages and posts stay, and the Meta AI button still opens Meta AI.	Arama sonuçlarında artık Meta AI yanıtı ve Meta AI'a sor önerileri görünmez, bir öneri de aramanı artık Meta AI'a göndermez. Kişiler, gruplar, sayfalar ve gönderiler kalır ve Meta AI düğmesi yine Meta AI'ı açar.
Comments	Yorumlar
Default comment order	Varsayılan yorum sırası
Use the order below. A choice made on a post lasts until restart. Links to comments keep Facebook's order.	Aşağıdaki sırayı kullanır. Gönderide seçilen sıra yeniden başlatmaya kadar geçerlidir. Yorum bağlantıları Facebook sırasını korur.
Comment order	Yorum sırası
Facebook's choice	Facebook'un seçimi
Most relevant	En alakalı
Newest	En yeni
All comments	Tüm yorumlar
Comments open in the order Facebook picks, which is usually Most relevant.	Yorumlar Facebook'un seçtiği sırayla açılır. Bu genellikle En alakalı sıralamasıdır.
A post's comments open with %1$s picked in their sort menu, where the post offers it.	Bir gönderinin yorumları, gönderi bunu sunuyorsa sıralama menüsünde %1$s seçili olarak açılır.
Comments will open in the order Facebook picks.	Yorumlar Facebook'un seçtiği sırayla açılacak.
Comments will open with %1$s picked in their sort menu.	Yorumlar, sıralama menüsünde %1$s seçili olarak açılacak.
Hide sponsored search results	Sponsorlu arama sonuçlarını gizle
Ads between the results when you search Facebook. What you searched for stays.	Facebook'ta arama yaptığında sonuçların arasındaki reklamlar. Aradığın şey kalır.
Hide sponsored profile posts	Profillerdeki sponsorlu gönderileri gizle
Ads between the posts on someone's profile or a Page. Their own posts stay.	Birinin profilindeki ya da bir Sayfadaki gönderilerin arasındaki reklamlar. Kendi gönderileri kalır.
the settings row in Facebook's Menu	Facebook menüsündeki ayarlar satırı
Hushfacebook settings can't open here. Long-press the Facebook logo instead.	Hushfacebook ayarları burada açılamıyor. Bunun yerine Facebook logosuna basılı tut.
Hide suggested groups	Önerilen grupları gizle
The row of groups to join between posts, with its Discover more groups button. Posts from groups you're in stay.	Gönderilerin arasındaki katılabileceğin gruplar satırı ve Daha fazla grup keşfet düğmesi. Üyesi olduğun grupların gönderileri kalır.
Hide "Stories you might like"	“Beğenebileceğin hikayeler” bölümünü gizle
The row of Stories from people you aren't connected to that Facebook puts between posts. Your friends' Stories and the Stories tray stay.	Facebook'un gönderilerin arasına koyduğu, bağlantın olmayan kişilerin hikayelerinden oluşan satır. Arkadaşlarının hikayeleri ve hikaye şeridi kalır.
Block trending video notifications	Trend video bildirimlerini engelle
Trending videos and the reels Facebook picked for you stop showing up in your notifications.	Trend videolar ve Facebook'un senin için seçtiği reels videoları artık bildirimlerinde görünmez.
Block memory notifications	Anı bildirimlerini engelle
Facebook's "On this day" memories stop showing up in your notifications.	Facebook'un “Geçmişte Bugün” anıları artık bildirimlerinde görünmez.
Block birthday notifications	Doğum günü bildirimlerini engelle
No more reminders that it's a friend's birthday.	Bir arkadaşının doğum günü olduğunu hatırlatan bildirimler artık gelmez.
Block group and Page highlights	Grup ve Sayfa öne çıkanlarını engelle
Digests of what's going on in groups, Pages and creators you follow stop. Comments, replies and mentions still come through.	Takip ettiğin gruplarda, Sayfalarda ve içerik üreticilerinde olup bitenlerin özetleri gelmez. Yorumlar, yanıtlar ve bahsetmeler gelmeye devam eder.
Block "People you may know"	“Tanıyor olabileceğin kişiler” bildirimlerini engelle
Friend suggestions stop showing up in your notifications. Friend requests still come through.	Arkadaş önerileri artık bildirimlerinde görünmez. Arkadaşlık istekleri gelmeye devam eder.
Block nearby and weather notifications	Yakındaki yerler ve hava durumu bildirimlerini engelle
Alerts about places near you and about the weather stop.	Yakınındaki yerler ve hava durumuyla ilgili uyarılar gelmez.
Block account setup reminders	Hesap kurulumu hatırlatıcılarını engelle
Reminders to finish setting up a Facebook account stop. Login and security alerts still come through.	Bir Facebook hesabının kurulumunu tamamlama hatırlatıcıları gelmez. Giriş ve güvenlik uyarıları gelmeye devam eder.
What always comes through	Her zaman gelenler
Messages, friend requests, comments, mentions, calls and login alerts, and any kind Hushfacebook doesn't know. Android's own settings for Facebook's notification categories work too, since Facebook drops a notification whose category you turned off. Facebook's server decides which categories you get, though, so they may not split these kinds out.	Mesajlar, arkadaşlık istekleri, yorumlar, bahsetmeler, aramalar ve giriş uyarıları, bir de Hushfacebook'un tanımadığı her tür. Android'in Facebook bildirim kategorileri için kendi ayarları da işe yarar, çünkü Facebook kategorisini kapattığın bir bildirimi göstermez. Yine de hangi kategorileri alacağına Facebook'un sunucusu karar verir, bu yüzden bu türleri ayırmayabilirler.
Hide suggested stories	Önerilen hikayeleri gizle
Keep friends and followed Pages in the Stories tray. Applies when Facebook next loads the tray.	Hikaye tepsisinde arkadaşlar ve takip edilen Sayfalar kalır. Facebook tepsiyi yeniden yüklediğinde uygulanır.
Hide sponsored Marketplace listings	Marketplace'teki sponsorlu ilanları gizle
Block Instant Games ads	Instant Games reklamlarını engelle
Games you play in Facebook get no ads. A game asking for one hears there's none to show, so rewarded ads give no reward.	Facebook'ta oynadığın oyunlar reklam almaz. Reklam isteyen bir oyuna gösterilecek reklam olmadığı söylenir, bu yüzden ödüllü reklamlar ödül vermez.
Ads and boosted listings in Marketplace's feed and search results. The other listings stay.	Marketplace akışındaki ve arama sonuçlarındaki reklamlar ve öne çıkarılan ilanlar. Diğer ilanlar kalır.
Hide posts with words you choose	Seçtiğin kelimeleri içeren gönderileri gizle
Posts whose text has a word or phrase from your list below. A post with a word from your keep list stays, and so does a post with no text. Your words only leave the phone in a settings file you export.	Metninde aşağıdaki listenden bir kelime veya ifade geçen gönderiler. Tutma listendeki bir kelimeyi içeren gönderi kalır, metni olmayan gönderi de kalır. Kelimelerin telefondan yalnızca dışa aktardığın bir ayar dosyasıyla çıkar.
Words to hide	Gizlenecek kelimeler
Words that keep a post	Gönderiyi tutan kelimeler
One word or phrase per line, up to %1$d, each %2$d to %3$d characters long, or just one for an emoji, a Chinese character, a kana or a Hangul syllable. Capital letters don't matter, and a phrase matches anywhere in a post's text, inside longer words too.	Her satıra bir kelime veya ifade, en fazla %1$d tane, her biri %2$d ile %3$d karakter arası. Emoji, Çince karakter, kana veya Hangul hecesi için tek karakter yeter. Büyük küçük harf fark etmez ve bir ifade, gönderi metninin herhangi bir yerinde, daha uzun kelimelerin içinde bile eşleşir.
A post with any of these stays, even when it also has a word to hide. One per line, up to %1$d, each %2$d to %3$d characters long, or just one for an emoji, a Chinese character, a kana or a Hangul syllable.	Bunlardan birini içeren gönderi, gizlenecek bir kelime de içerse kalır. Her satıra bir tane, en fazla %1$d tane, her biri %2$d ile %3$d karakter arası. Emoji, Çince karakter, kana veya Hangul hecesi için tek karakter yeter.
One word or phrase per line	Her satıra bir kelime veya ifade
%1$d line was left out. A phrase needs %2$d to %3$d characters, or just one for an emoji, a Chinese character, a kana or a Hangul syllable. One given twice counts once.	%1$d satır dışarıda bırakıldı. Bir ifade %2$d ile %3$d karakter arası olmalı. Emoji, Çince karakter, kana veya Hangul hecesi için tek karakter yeter. İki kez yazılan bir kez sayılır.
%1$d lines were left out. A phrase needs %2$d to %3$d characters, or just one for an emoji, a Chinese character, a kana or a Hangul syllable. One given twice counts once.	%1$d satır dışarıda bırakıldı. Bir ifade %2$d ile %3$d karakter arası olmalı. Emoji, Çince karakter, kana veya Hangul hecesi için tek karakter yeter. İki kez yazılan bir kez sayılır.
No words yet, so no post is hidden.	Henüz kelime yok, bu yüzden hiçbir gönderi gizlenmiyor.
No words yet.	Henüz kelime yok.
%1$d word or phrase.	%1$d kelime veya ifade.
%1$d words or phrases.	%1$d kelime veya ifade.
Both lists together fill %1$d%% of the room they share.	İki liste birlikte paylaştıkları alanın %%%1$d kadarını dolduruyor.
A list holds up to %1$d phrases, and this one has more. Remove some, then save again.	Bir liste en fazla %1$d ifade alır ve bu listede daha fazlası var. Birkaçını silip yeniden kaydet.
Both lists together would fill %1$d%% of the room they share. Remove or shorten some phrases, then save again.	İki liste birlikte paylaştıkları alanın %%%1$d kadarını dolduracak. Bazı ifadeleri silip ya da kısaltıp yeniden kaydet.
Hid %1$d post since Facebook started.	Facebook açıldığından beri %1$d gönderi gizlendi.
Hid %1$d posts since Facebook started.	Facebook açıldığından beri %1$d gönderi gizlendi.
Your list of words to hide will be empty.	Gizlenecek kelimeler listen boş olacak.
Your list of words to hide will hold %1$d word or phrase.	Gizlenecek kelimeler listende %1$d kelime veya ifade olacak.
Your list of words to hide will hold %1$d words or phrases.	Gizlenecek kelimeler listende %1$d kelime veya ifade olacak.
Your list of words that keep a post will be empty.	Gönderiyi tutan kelimeler listen boş olacak.
Your list of words that keep a post will hold %1$d word or phrase.	Gönderiyi tutan kelimeler listende %1$d kelime veya ifade olacak.
Your list of words that keep a post will hold %1$d words or phrases.	Gönderiyi tutan kelimeler listende %1$d kelime veya ifade olacak.
Writing	Yazma
Tag suggestions only after @	Etiket önerileri yalnızca @ sonrasında
Type @ before Facebook suggests someone to tag in posts or comments. Your text stays unchanged.	Facebook'un gönderi ve yorumlarda etiketlenecek kişi önermesi için @ yazın. Metniniz değişmez.
Resume long videos	Uzun videolara kaldığın yerden devam et
Resume videos over two minutes where you left off, in the feed or full screen. Seek to start elsewhere. Short reels, live videos and ads start as usual.	İki dakikadan uzun videolar akışta veya tam ekranda kaldığı yerden devam eder. Başka bir yerden başlatmak için çubuğu kaydırın. Kısa Reels, canlı videolar ve reklamlar normal başlar.
Also hide posts labelled as AI	Yapay zekâ olarak etiketlenen gönderileri de gizle
Hide Meta AI in the feed	Akışta Meta AI'ı gizle
The Meta AI cards Facebook adds to the feed between posts. People's posts stay, whatever they say about AI.	Facebook'un akışta gönderilerin arasına eklediği Meta AI kartları. İnsanların gönderileri, yapay zekâ hakkında ne derlerse desinler kalır.
Hide AI character posts	Yapay zekâ karakteri gönderilerini gizle
Posts featuring one of Meta's AI characters, the chatbots people and creators make with Meta AI Studio. It's off by default because it hasn't been tested on a real feed yet.	Meta'nın yapay zekâ karakterlerinden birini içeren gönderiler, yani insanların ve içerik üreticilerin Meta AI Studio ile yaptığı sohbet botları. Bu anahtar henüz gerçek bir akışta test edilmediği için varsayılan olarak kapalıdır.
Posts whose creator marked them as made with AI. Facebook puts its AI label next to the name on these as well as on the posts its detection found, and with this on, both kinds go. It's off by default because it hasn't been tested on a real feed yet.	Oluşturan kişinin yapay zekâ ile üretildiğini belirttiği gönderiler. Facebook, yapay zekâ etiketini hem bunlarda hem de kendi tespitinin bulduğu gönderilerde adın yanına koyar ve bu anahtar açıkken ikisi de gizlenir. Henüz gerçek bir akışta test edilmediği için varsayılan olarak kapalıdır.
Return to regular Facebook	Normal Facebook'a dön
Restore the normal tabs at the next restart. Your other settings stay saved.	Bir sonraki yeniden başlatmada normal sekmeleri geri getirir. Diğer ayarlarınız kayıtlı kalır.
Marketplace mode is off. Restart Facebook to restore its normal tabs.	Marketplace modu kapalı. Normal sekmeleri geri getirmek için Facebook'u yeniden başlatın.
Couldn't save the change. Try again.	Değişiklik kaydedilemedi. Tekrar deneyin.
Marketplace mode chooses the opening tab. Your previous choice stays saved.	Açılış sekmesini Marketplace modu belirler. Önceki seçiminiz kayıtlı kalır.
Restart needed. Marketplace mode will turn on the next time Facebook starts.	Yeniden başlatma gerekiyor. Marketplace modu, Facebook bir sonraki açılışında etkinleşecek.
Restart needed. The normal tabs will return the next time Facebook starts.	Yeniden başlatma gerekiyor. Normal sekmeler, Facebook bir sonraki açılışında geri gelecek.
Marketplace is hidden in Facebook's tab settings. Show it under Settings, Tab bar, Customize the bar. Your normal tabs stay available.	Marketplace, Facebook'un sekme ayarlarında gizli. Ayarlar, Sekme çubuğu, Çubuğu özelleştir bölümünden gösterin. Normal sekmeleriniz kullanılabilir.
Marketplace unavailable. Facebook hasn't supplied a Marketplace tab for this account. Your normal tabs stay available.	Marketplace kullanılamıyor. Facebook bu hesap için bir Marketplace sekmesi sağlamadı. Normal sekmeleriniz kullanılabilir.
Couldn't check the tab bar. Your normal tabs stay available. Restart Facebook to try again.	Sekme çubuğu kontrol edilemedi. Normal sekmeleriniz kullanılabilir. Tekrar denemek için Facebook'u yeniden başlatın.
Waiting for Facebook's tab bar. Marketplace mode will apply when Facebook builds it.	Facebook'un sekme çubuğu bekleniyor. Facebook çubuğu oluşturduğunda Marketplace modu uygulanacak.
Off. Turn on to open Marketplace and hide the feed and other social tabs after restarting Facebook.	Kapalı. Facebook'u yeniden başlattıktan sonra Marketplace'i açmak ve akışı ve diğer sosyal sekmeleri gizlemek için etkinleştirin.
Quiet social notifications	Sosyal bildirimleri sustur
Skip feed preloading	Akış ön yüklemesini atla
Marketplace mode is off.	Marketplace modu kapalı.
Paused with Hushfacebook. Your Marketplace choice stays saved. Tabs already hidden return after a restart while paused.	Hushfacebook ile duraklatıldı. Marketplace seçiminiz kayıtlı kalır. Gizlenen sekmeler, duraklatma sürerken yeniden başlattığınızda geri gelir.
Silence video suggestions, memories, birthdays and friend suggestions while this mode is on. Messages and trading updates stay. Your other notification choices stay saved.	Bu mod açıkken video önerilerini, anıları, doğum günlerini ve arkadaş önerilerini susturur. Mesajlar ve alım satım güncellemeleri gelmeye devam eder. Diğer bildirim tercihleriniz kayıtlı kalır.
Reduce background feed loading while Marketplace mode is active. Some loading can still happen during startup.	Marketplace modu etkinken arka planda akış yüklemesini azaltır. Başlangıçta bazı veriler yine yüklenebilir.
Active. Marketplace, Notifications and Profile/Menu stay. Find Hushfacebook settings in Menu, under Settings and privacy.	Etkin. Marketplace, Bildirimler ve Profil/Menü kalır. Hushfacebook ayarları Menü içindeki Ayarlar ve gizlilik bölümündedir.
Marketplace mode and your start tab	Marketplace modu ve başlangıç sekmesi
Ads, suggestions and word filters	Reklamlar, öneriler ve kelime filtreleri
Suggestions, saving, auto-advance and viewing anonymously	Öneriler, kaydetme, otomatik ilerleme ve anonim izleme
Cleaner reels and video controls	Daha sade Reels ve video kontrolleri
Tap to play, quality and resume	Oynatmak için dokunma, kalite ve devam ettirme
Quality, format and file names	Kalite, biçim ve dosya adları
Browse settings	Ayarları keşfet
More settings	Diğer ayarlar
Additional Facebook preferences	Ek Facebook tercihleri
No matching settings	Eşleşen ayar yok
%1$d setting found	%1$d ayar bulundu
%1$d settings found	%1$d ayar bulundu
Try a different word or clear the search.	Başka bir kelime deneyin veya aramayı temizleyin.
Search settings	Ayarlarda ara
Clear search	Aramayı temizle
Your controls are active.	Kontrolleriniz etkin.
Pause	Duraklat
Resume	Devam et
Undo	Geri al
Example without post details	Gönderi ayrıntıları olmadan örnek
Supported links	Desteklenen bağlantılar
Android verified this app for Facebook's web addresses, so their links open here.	Android bu uygulamayı Facebook'un web adresleri için doğruladı, bu yüzden bağlantıları burada açılır.
Facebook's web addresses are selected for this app in Android's settings, so their links open here.	Facebook'un web adresleri Android ayarlarında bu uygulama için seçili, bu yüzden bağlantıları burada açılır.
Only some of Facebook's web addresses are selected for this app, and links to the rest open elsewhere. Tap to select them in Android's settings.	Facebook'un web adreslerinden yalnızca bazıları bu uygulama için seçili ve diğerlerinin bağlantıları başka yerde açılır. Android ayarlarında seçmek için dokunun.
None of Facebook's web addresses are selected for this app, so their links open elsewhere. Tap to select them in Android's settings.	Facebook'un web adreslerinden hiçbiri bu uygulama için seçili değil, bu yüzden bağlantıları başka yerde açılır. Android ayarlarında seçmek için dokunun.
Opening supported links is off for this app in Android's settings. Tap to turn it on.	“Desteklenen bağlantıları aç” Android ayarlarında bu uygulama için kapalı. Açmak için dokunun.
Android didn't say which links open here. Tap to check in Android's settings.	Android burada hangi bağlantıların açıldığını bildirmedi. Android ayarlarında kontrol etmek için dokunun.
Android 11 doesn't say which links open here. Tap to open this app's settings, then Open by default.	Android 11 burada hangi bağlantıların açıldığını bildirmez. Bu uygulamanın ayarlarını açmak için dokunun, ardından Varsayılan olarak aç'a gidin.
Selecting links by hand	Bağlantıları elle seçme
Android checks Facebook's links against Meta's signing key, which a re-signed build doesn't have. Selecting the addresses sends their links here again. It doesn't restore Meta's verification, and your other link settings stay as they are.	Android, Facebook'un bağlantılarını Meta'nın imzalama anahtarıyla denetler ve yeniden imzalanmış bir sürümde bu anahtar yoktur. Adresleri seçmek bağlantılarını yeniden buraya gönderir. Bu, Meta'nın doğrulamasını geri getirmez ve diğer bağlantı ayarlarınız olduğu gibi kalır.
Android's settings for this app didn't open. Open App info from Facebook's icon, then Open by default.	Bu uygulamanın Android ayarları açılamadı. Facebook simgesinden Uygulama bilgileri'ni, ardından Varsayılan olarak aç'ı açın.
Meta App Manager	Meta App Manager
Facebook's web addresses open here now.	Facebook'un web adresleri artık burada açılıyor.
Meta App Manager can keep Facebook's web addresses for itself, so their links skip this app. Tap and turn off Open supported links there, then check Supported links above.	Meta App Manager, Facebook'un web adreslerini kendine alabilir ve bu durumda bağlantılar bu uygulamayı atlar. Dokunup oradaki “Desteklenen bağlantıları aç” seçeneğini kapatın, ardından yukarıdaki Desteklenen bağlantılar'ı kontrol edin.
Meta App Manager's settings didn't open. Find it in Android's app list with system apps shown, then Open by default.	Meta App Manager ayarları açılamadı. Sistem uygulamaları gösterilirken Android'in uygulama listesinde bulun, ardından Varsayılan olarak aç'ı açın.
Messenger	Messenger
Instagram	Instagram
Messenger can keep facebook.com and m.me links for itself, so their switches for this app turn themselves back off. Tap and turn off Open supported links there, then check Supported links above.	Messenger, facebook.com ve m.me bağlantılarını kendine alabilir ve bu durumda bu uygulama için anahtarları kendiliğinden yeniden kapanır. Dokunup oradaki “Desteklenen bağlantıları aç” seçeneğini kapatın, ardından yukarıdaki Desteklenen bağlantılar'ı kontrol edin.
Instagram can keep facebook.com links for itself, so their switches for this app turn themselves back off. Tap and turn off Open supported links there, then check Supported links above.	Instagram, facebook.com bağlantılarını kendine alabilir ve bu durumda bu uygulama için anahtarları kendiliğinden yeniden kapanır. Dokunup oradaki “Desteklenen bağlantıları aç” seçeneğini kapatın, ardından yukarıdaki Desteklenen bağlantılar'ı kontrol edin.
Messenger's settings didn't open. Open App info from Messenger's icon, then Open by default.	Messenger ayarları açılamadı. Messenger simgesinden Uygulama bilgileri'ni, ardından Varsayılan olarak aç'ı açın.
Instagram's settings didn't open. Open App info from Instagram's icon, then Open by default.	Instagram ayarları açılamadı. Instagram simgesinden Uygulama bilgileri'ni, ardından Varsayılan olarak aç'ı açın.
facebook.com and m.me links open here now.	facebook.com ve m.me bağlantıları artık burada açılıyor.
facebook.com links open here now.	facebook.com bağlantıları artık burada açılıyor.
Saving... Cancel: Downloads in Hushfacebook.	Kaydediliyor... İptal: Hushfacebook'ta İndirmeler.
Turn off double tap to like	Beğenmek için çift dokunmayı kapat
A double tap on a reel or video no longer likes it or shows a heart. A single tap and the Like button work as before.	Bir reel'e veya videoya çift dokunmak artık onu beğenmez ve kalp göstermez. Tek dokunuş ve Beğen düğmesi eskisi gibi çalışır.
Keep the reel speed	Reel hızını koru
A playback speed you pick in a reel's menu stays for the next reels until you pick another or Facebook restarts. Off, every reel starts at normal speed.	Bir reel'in menüsünde seçtiğin oynatma hızı, başka bir hız seçene veya Facebook yeniden başlayana kadar sonraki reel'lerde kalır. Kapalıyken her reel normal hızda başlar.
Hold a reel for 2x	2x için reel'e basılı tut
Holding a reel plays it at double speed until you let go, in place of Facebook's long-press menu. The reel's more button still opens that menu.	Bir reel'e basılı tutmak, bırakana kadar onu iki kat hızda oynatır ve Facebook'un uzun basma menüsünün yerini alır. Reel'in daha fazla düğmesi bu menüyü açmaya devam eder.
Default playback quality	Varsayılan oynatma kalitesi
Play videos, reels and stories at the quality below. A quality picked in a video's own menu still wins.	Videoları, Reels'i ve hikayeleri aşağıdaki kalitede oynatın. Bir videonun kendi menüsünde seçilen kalite yine önceliklidir.
Playback quality	Oynatma kalitesi
Auto	Otomatik
Data saver	Veri tasarrufu
Up to %1$s	En fazla %1$s
Highest	En yüksek
Facebook picks the quality as each video plays, from your connection.	Facebook, her video oynatılırken kaliteyi bağlantınıza göre seçer.
Videos play at the lowest quality Facebook offers for each.	Videolar, Facebook'un her biri için sunduğu en düşük kalitede oynatılır.
Videos play at the best quality up to %1$s that Facebook offers for each, or the closest above.	Videolar, Facebook'un her biri için sunduğu en fazla %1$s olan en iyi kalitede ya da hemen üstündekinde oynatılır.
Videos play at the highest quality Facebook offers for each.	Videolar, Facebook'un her biri için sunduğu en yüksek kalitede oynatılır.
Facebook will pick the quality videos play at.	Videoların oynatma kalitesini Facebook seçecek.
Playback quality will be set to %1$s.	Oynatma kalitesi %1$s olarak ayarlanacak.
Reels and videos will save to this phone when you tap Download.	İndir'e dokunduğunuzda reel'ler ve videolar bu telefona kaydedilecek.
Tapping Download on a reel or video will send its link to an app.	Bir reel'de veya videoda İndir'e dokunmak bağlantısını bir uygulamaya gönderecek.
Android will ask which app gets the links each time.	Android bağlantıları hangi uygulamanın alacağını her seferinde soracak.
Links will go to %1$s.	Bağlantılar %1$s uygulamasına gidecek.
Save to	Kaydetme yeri
Movies and Pictures	Movies ve Pictures
Videos and photos go to %1$s, next to the camera's. Saves you already have stay where they are.	Videolar ve fotoğraflar kameranınkilerin yanına, %1$s klasörüne kaydedilir. Önceden kaydettiklerin olduğu yerde kalır.
Videos and photos go to %1$s, with the phone's other downloads. Saves you already have stay where they are.	Videolar ve fotoğraflar telefonun diğer indirmeleriyle birlikte %1$s klasörüne kaydedilir. Önceden kaydettiklerin olduğu yerde kalır.
Videos go to %1$s and photos to %2$s, as Facebook's own saves do. Some galleries don't show %1$s.	Videolar %1$s klasörüne, fotoğraflar %2$s klasörüne kaydedilir, tıpkı Facebook'un kendi kayıtları gibi. Bazı galeriler %1$s klasörünü göstermez.
Choose a folder name under %1$s. Invalid characters become underscores. Leave it blank to use the default folder, %2$s.	%1$s altında bir klasör adı seç. Geçersiz karakterler alt çizgiye dönüşür. Varsayılan %2$s klasörünü kullanmak için boş bırak.
Videos and photos go to %1$s.	Videolar ve fotoğraflar %1$s klasörüne kaydedilir.
Videos will go to %1$s and photos to %2$s.	Videolar %1$s klasörüne, fotoğraflar %2$s klasörüne gidecek.
Videos and photos will go to %1$s.	Videolar ve fotoğraflar %1$s klasörüne gidecek.
Test the Messenger link	Messenger bağlantısını test et
Runs the two reads Facebook makes of Messenger at startup, now, and shows whether each one answered. Shown while Debug logging is on.	Facebook'un açılışta Messenger'dan yaptığı iki okumayı şimdi yapar ve her birinin yanıt verip vermediğini gösterir. Hata ayıklama günlüğü açıkken görünür.
The Messenger link test couldn't start.	Messenger bağlantı testi başlatılamadı.
This build can't run the Messenger link test.	Bu sürüm Messenger bağlantı testini çalıştıramaz.
No signed-in account to test with.	Test için oturum açmış hesap yok.
Opt-out read: %1$s. Triggered read: %2$s.	Vazgeçme okuması: %1$s. Tetikleme okuması: %2$s.
no answer	yanıt yok
answered	yanıt verdi
failed (%1$s)	başarısız (%1$s)
Hide the Reels tab dot	Reels sekmesindeki noktayı gizle
Hide the Feeds tab	Akışlar sekmesini gizle
Hide the Friends tab	Arkadaşlar sekmesini gizle
Hide the Marketplace tab	Marketplace sekmesini gizle
Hide the Groups tab	Gruplar sekmesini gizle
Hide the Gaming tab	Oyun sekmesini gizle
Hide the Events tab	Etkinlikler sekmesini gizle
Takes the tab off the tab bar. Its page stays in the Menu. Restart Facebook after changing it.	Sekmeyi sekme çubuğundan kaldırır. Sayfası Menü'de kalır. Değiştirdikten sonra Facebook'u yeniden başlat.
Facebook opens on Home while Hide tabs keeps %1$s off the tab bar. Your choice stays saved.	Sekmeleri gizle %1$s sekmesini çubuğun dışında tuttuğu sürece Facebook Ana Sayfa'da açılır. Seçimin kayıtlı kalır.
No dot or new count on the Reels tab, called Video on some accounts. Other tabs keep theirs.	Bazı hesaplarda Video adıyla görünen Reels sekmesinde nokta ya da yeni sayısı olmaz. Diğer sekmeler kendilerininkini korur.
%1$d default patch isn't in this build	%1$d varsayılan yama bu sürümde yok
%1$d default patches aren't in this build	%1$d varsayılan yama bu sürümde yok
Tap to see which.	Hangileri olduğunu görmek için dokun.
Not in this build: %1$s. Morphe Manager selects it by default. Patch again with it selected to get what it does.	Bu sürümde yok: %1$s. Morphe Manager bunu varsayılan olarak seçer. Yaptığı işi almak için onu seçip yeniden yamala.
Not in this build: %1$s. Morphe Manager selects them by default. Patch again with them selected to get what they do.	Bu sürümde yok: %1$s. Morphe Manager bunları varsayılan olarak seçer. Yaptıkları işi almak için onları seçip yeniden yamala.
Saved, but WhatsApp and some editors may refuse it	Kaydedildi, ancak WhatsApp ve bazı düzenleyiciler reddedebilir
Saved, but WhatsApp may refuse it. Fix: Downloads in Hushfacebook.	Kaydedildi, ancak WhatsApp reddedebilir. Çözüm: Hushfacebook'ta İndirmeler.
Turn on %1$s to save videos they all play.	Hepsinin oynatabileceği videolar kaydetmek için %1$s ayarını aç.
WhatsApp and some editors may refuse this video	WhatsApp ve bazı düzenleyiciler bu videoyu reddedebilir
Open the setting	Ayarı aç
Hide post prompts	Gönderi altındaki soruları gizle
The strip on some posts, like "Are you interested in this post?", "Show less" or who recently commented, and the follow and chat suggestions in the same place. The post stays.	Bazı gönderilerdeki şerit, örneğin “Bu gönderiyle ilgileniyor musun?”, “Daha az göster” veya kimin az önce yorum yaptığı, ve aynı yerdeki takip ve sohbet önerileri. Gönderi kalır.
Hide Meta AI questions under posts	Gönderilerin altındaki Meta AI sorularını gizle
The row of Meta AI questions under some posts. The post, its link card and its buttons stay.	Bazı gönderilerin altındaki Meta AI soruları satırı. Gönderi, bağlantı kartı ve düğmeleri kalır.
Keep post dates	Gönderi tarihlerini koru
The line under the poster's name keeps the post's date instead of Facebook's rotating details, which go blank on some phones.	Paylaşan kişinin adının altındaki satır, Facebook'un sırayla gösterdiği ayrıntılar yerine gönderinin tarihini gösterir. Bu ayrıntılar bazı telefonlarda boş kalır.
Hide the Feeds header	Akışlar başlığını gizle
Open the Feeds tab on its posts, without the title row or the filters under it. Restart Facebook after changing it.	Akışlar sekmesini başlık satırı ve altındaki filtreler olmadan, doğrudan gönderilerle açar. Değiştirdikten sonra Facebook'u yeniden başlatın.
Hide reel interest prompts	Reels'teki ilgi sorusunu gizle
No "Are you interested in this reel?" prompt on reels. The reel plays as usual.	Reels'te “Bu reel ile ilgileniyor musun?” sorusu çıkmaz. Reel her zamanki gibi oynar.
Hide affiliate product links	Satış ortaklığı ürün bağlantılarını gizle
The product cards of shop links creators add to posts, on reels, under feed posts and in the comments. The "Commission eligible" label stays.	İçerik üreticilerinin gönderilere eklediği mağaza bağlantılarının ürün kartları, reels'te, akıştaki gönderilerin altında ve yorumlarda. “Komisyona uygun” etiketi kalır.
Send to app	Uygulamaya gönder
Send the link to	Bağlantıyı gönder:
Couldn't open an app for this link	Bu bağlantı için bir uygulama açılamadı
Video link	Video bağlantısı
Link copied	Bağlantı kopyalandı
Couldn't find this reel's link	Bu reel'in bağlantısı bulunamadı
Couldn't find this video's link	Bu videonun bağlantısı bulunamadı
When you tap Download	İndir'e dokunduğunuzda
Save to phone	Telefona kaydet
Send the link to an app	Bağlantıyı bir uygulamaya gönder
Reels and videos go to the app below as a facebook.com link. Hold the reel Download button to copy the link instead. Stories still save to this phone.	Reel'ler ve videolar aşağıdaki uygulamaya facebook.com bağlantısı olarak gider. Bağlantıyı kopyalamak için reel'in İndir düğmesini basılı tutun. Hikayeler bu telefona kaydedilmeye devam eder.
Reels, videos and stories save to this phone.	Reel'ler, videolar ve hikayeler bu telefona kaydedilir.
App to send to	Gönderilecek uygulama
The package name of the app that gets the links, such as %1$s for YTDLnis or %2$s for Seal. Leave it blank to pick an app each time.	Bağlantıları alacak uygulamanın paket adı, örneğin YTDLnis için %1$s veya Seal için %2$s. Her seferinde bir uygulama seçmek için boş bırakın.
Package name	Paket adı
%1$s isn't a package name, so the app stays as it was.	%1$s bir paket adı değil, uygulama olduğu gibi kaldı.
Android asks which app each time.	Android her seferinde hangi uygulamanın kullanılacağını sorar.
Links go to %1$s. When it isn't installed, Android asks which app.	Bağlantılar %1$s uygulamasına gider. Yüklü değilse Android hangi uygulamanın kullanılacağını sorar.
Hide "Find friends from contacts"	“Kişilerinden arkadaş bul” kartını gizle
The Stories tray card asking to upload your contacts. Applies when Facebook next loads the tray.	Hikaye tepsisinde kişilerini yüklemeni isteyen kart. Facebook tepsiyi yeniden yüklediğinde uygulanır.
Hide story prompts	Hikaye fikirlerini gizle
The cards beside Create story that suggest a story to make, like Share music you love. Applies when Facebook next loads the tray.	Hikaye oluştur'un yanında sana bir hikaye öneren kartlar, örneğin sevdiğin müziği paylaşma kartı. Facebook tepsiyi yeniden yüklediğinde uygulanır.
The row of friend suggestions between posts, the one on your own profile, and the cards with an Add button in the Stories tray.	Gönderilerin arasındaki arkadaş önerileri satırı, kendi profilindeki satır ve hikaye tepsisindeki Ekle düğmeli kartlar.
Feeds opens on	Akışlar şurada açılır
All	Tümü
Favorites	Favoriler
Groups	Gruplar
Pages	Sayfalar
When Facebook opens on Feeds, the Feeds tab opens on the filter Facebook picks.	Facebook Akışlar sekmesinde açıldığında Akışlar, Facebook'un seçtiği filtrede açılır.
When Facebook opens on Feeds, the Feeds tab opens on %1$s. If your Feeds tab doesn't have it, it opens as usual.	Facebook Akışlar sekmesinde açıldığında Akışlar %1$s filtresinde açılır. Akışlar sekmende bu filtre yoksa her zamanki gibi açılır.
The Feeds tab will open on the filter Facebook picks.	Akışlar sekmesi Facebook'un seçtiği filtrede açılacak.
The Feeds tab will open on %1$s.	Akışlar sekmesi %1$s filtresinde açılacak.
Saved	Kaydedilenler
Saved shortcut	Kaydedilenler kısayolu
Adds Saved to Facebook's icon menu when there's room. Existing shortcuts stay.	Yer varsa Kaydedilenler seçeneğini Facebook simge menüsüne ekler. Mevcut kısayollar kalır.
Adds Saved to Facebook's icon menu when there's room, and a Saved row at the end of Settings and privacy in the Menu. Existing shortcuts stay.	Yer varsa Kaydedilenler seçeneğini Facebook simge menüsüne, Menü içindeki Ayarlar ve gizlilik bölümünün sonuna da bir Kaydedilenler satırı ekler. Mevcut kısayollar kalır.
Your launcher has no room for another shortcut.	Başlatıcınızda başka bir kısayol için yer yok.
Saved isn't available in this build.	Kaydedilenler bu sürümde kullanılamıyor.
Match whole words	Tam sözcükleri eşleştir
Apply whole-word matching to both lists. For example, hat matches hat! but not what or hats.	Her iki listede de tam sözcükleri eşleştirir. Örneğin, hat sözcüğü hat! ile eşleşir, what veya hats ile eşleşmez.
Off	Kapalı
On	Açık
Saved now %1$s. After import %2$s.	Şu an kayıtlı %1$s. İçe aktarma sonrası %2$s.
Version %1$s	Sürüm %1$s
Build %1$s (modified)	Derleme %1$s (değiştirilmiş)
Build %1$s (source known)	Derleme %1$s (kaynak biliniyor)
Build %1$s (source unknown)	Derleme %1$s (kaynak bilinmiyor)
Tap Resume, then restart Facebook.	Devam et'e dokunun, ardından Facebook'u yeniden başlatın.
Turn off haptics	Dokunsal titreşimi kapat
No short vibrations on Facebook's own taps and gestures. The keyboard and your phone's own haptics stay.	Facebook'un kendi dokunuşlarında ve hareketlerinde kısa titreşim olmaz. Klavye ve telefonunun kendi dokunsal titreşimi kalır.
Turn off screen transitions	Ekran geçişlerini kapat
Tabs, the Menu and screens that open over Facebook show at once, without the slide between them. Swiping between tabs stays.	Sekmeler, Menü ve Facebook'un üzerinde açılan ekranlar, aralarındaki kayma olmadan hemen görünür. Sekmeler arasında kaydırma kalır.
Picture-in-picture	Pencere içinde pencere
A playing reel keeps going in a small window when you leave Facebook. Android 12 or later.	Oynatılan bir reel, Facebook'tan çıktığında küçük bir pencerede devam eder. Android 12 veya üstü.
Turn off HDR brightness	HDR parlaklığını kapat
HDR videos and photos stay at your screen's usual brightness instead of turning it up to full. They keep their resolution.	HDR videolar ve fotoğraflar, ekranı tam parlaklığa çıkarmak yerine ekranın her zamanki parlaklığında kalır. Çözünürlükleri değişmez.
Show View profile on Marketplace sellers	Marketplace satıcılarında Profili gör'ü göster
A seller's Marketplace page always has View profile, which opens their regular Facebook profile. Facebook shows it to only some accounts.	Bir satıcının Marketplace sayfasında her zaman Profili gör bulunur ve satıcının normal Facebook profilini açar. Facebook bunu yalnızca bazı hesaplara gösterir.
English	English
Follow Facebook	Follow Facebook
Follow system	Follow system
Interface language	Interface language
Traditional Chinese	Traditional Chinese
Turn this on to open the Messenger app from Facebook's top Messenger icon. Turn it off to open Facebook's built-in Chats directly instead of Meta's Messenger redirect prompt. A long press keeps Facebook's own behavior.	Facebook'un üst kısmındaki Messenger simgesinden Messenger uygulamasını açmak için bunu etkinleştirin. Kapatıldığında Meta'nın Messenger yönlendirme istemi yerine Facebook'un yerleşik Sohbetleri doğrudan açılır. Uzun basma Facebook'un kendi davranışını korur.
