# Traditional Chinese (Taiwan) for Hushfacebook: English key, TAB, translation.
"Pages you may like" cards and the cards Facebook uses to push its own features. In-feed surveys go too.	「你可能會喜歡的粉絲專頁」卡片，以及 Facebook 用來推廣自家功能的卡片。動態消息中的問卷也會隱藏。
%1$d item in that file isn't a setting this version of Hushfacebook knows, so it'll be left out.	該檔案中有 %1$d 個項目不是此版本 Hushfacebook 可識別的設定，因此會略過。
%1$d items in that file aren't settings this version of Hushfacebook knows, so they'll be left out.	該檔案中有 %1$d 個項目不是此版本 Hushfacebook 可識別的設定，因此會略過。
%1$d switch will change.	將變更 %1$d 個開關。
%1$d switches will change.	將變更 %1$d 個開關。
%1$s of %2$s	%1$s / %2$s
%1$s so far	目前 %1$s
%1$s. It was set when you patched, so Pause can't turn it off. To rule it out, patch again and leave out that patch.	%1$s。這是在套用補丁時設定的，因此暫停功能無法將它關閉。若要排除它，請重新套用補丁並不要選擇該補丁。
%1$s. They were set when you patched, so Pause can't turn them off. To rule one out, patch again and leave out the patch in brackets after it.	%1$s。這些是在套用補丁時設定的，因此暫停功能無法將它們關閉。若要排除其中一項，請重新套用補丁並不要選擇其後方括號內的補丁。
A change here applies after Facebook restarts.	這裡的變更會在重新啟動 Facebook 後套用。
A diagnostic report is already being saved.	診斷報告已正在儲存。
Add a Download button to reels, using your download quality. Off or paused, Facebook's own buttons return.	在 Reels 加入「下載」按鈕，並使用你設定的下載畫質。關閉或暫停時會恢復 Facebook 原本的按鈕。
A file named %1$s in %2$s paused Hushfacebook.	%2$s 中名為 %1$s 的檔案已讓 Hushfacebook 暫停。
About	關於
Ad cards between the stories people posted.	隱藏使用者限時動態之間的廣告卡片。
Ad telemetry blocked	已封鎖廣告遙測
Add Download to phone to feed and Watch video menus. Uses the quality below. Off or paused, Facebook's menu returns.	在動態消息與 Watch 影片選單加入「下載到手機」。使用下方設定的畫質。關閉或暫停時會恢復 Facebook 原本的選單。
Add Save to every story menu, using your download quality. Off or paused, Facebook only saves your own stories.	在所有限時動態選單加入「儲存」，並使用你設定的下載畫質。關閉或暫停時，Facebook 只會儲存你自己的限時動態。
Ads inside Reels, starting with the next batch Facebook loads. Banners, mid-rolls and app-inserted ads stay blocked even while paused.	隱藏 Reels 內的廣告，從 Facebook 下一批載入的內容開始生效。橫幅廣告、影片中插廣告及 App 插入的廣告，即使暫停 Hushfacebook 仍會持續封鎖。
AMOLED black theme	AMOLED 純黑主題
Appearance	外觀
Audience Network off	已關閉 Audience Network
Back	返回
Background ad prefetch blocked	已封鎖背景廣告預載
Cancel	取消
Cancel saving this photo	取消儲存這張照片
Cancel saving this video	取消儲存這段影片
Changing these	將變更以下項目
Choose a settings file. Before anything is imported, you'll see how many switches it changes and any new download settings.	選擇設定檔。正式匯入前，你會先看到將變更多少個開關，以及新的下載設定。
Clear diagnostic data	清除診斷資料
Copy a quick report or save the full one to Download/Morphe. Links, IDs, cookies and sign-in tokens are left out. Check it for other private text before you share it.	複製快速報告，或將完整報告儲存到 Download/Morphe。連結、ID、Cookie 與登入權杖會被移除。分享前請檢查是否還有其他私密文字。
Copy quick report	複製簡要報告
Copying to the gallery	正在複製到相簿
Couldn't import the settings, and couldn't put back the ones you had. Check the switches on this screen.	無法匯入設定，也無法還原原本的設定。請檢查此畫面上的開關。
Couldn't import the settings. Nothing was changed.	無法匯入設定。未做任何變更。
Couldn't open that file. Nothing was changed.	無法開啟該檔案。未做任何變更。
Couldn't open the file picker. Try again.	無法開啟檔案選擇器。請再試一次。
Couldn't put back the diagnostic data. Try again.	無法還原診斷資料。請再試一次。
Couldn't save the settings file. Try again.	無法儲存設定檔。請再試一次。
Couldn't save this video. Play it for a moment, then try again.	無法儲存這部影片。請先播放一下，再重試。
Couldn't start that. Try again in a moment.	無法啟動。請稍後再試。
Couldn't start the report export. Try again shortly.	無法開始匯出報告。請稍後再試。
Couldn't turn Hushfacebook back on. Try again.	無法重新啟用 Hushfacebook。請再試一次。
Dark mode draws black instead of dark grey. Turn on dark mode in Facebook to see it.	深色模式會以純黑取代深灰。請先在 Facebook 開啟深色模式。
Debug logging	偵錯記錄
Diagnostic data cleared. Tap again to put it back.	診斷資料已清除。再點一次可還原。
Diagnostic data put back.	診斷資料已還原。
Diagnostic report copied to the clipboard.	診斷報告已複製到剪貼簿。
Download	下載
Download button on reels	Reels 下載按鈕
Download failed	下載失敗
Download feed and Watch videos	下載動態消息與 Watch 影片
Download to phone	下載到手機
Downloading	正在下載
Downloads	下載
Empties the log and the filter counts a report would include.	清空報告中會包含的記錄與篩選計數。
Every switch but Debug logging acts as if it were off, and what was set when you patched stays in. Your settings stay as they are.	除了偵錯記錄外，所有開關都會暫時視為關閉；套用補丁時固定的項目仍會保留。你的設定值不會被改動。
Export diagnostic report	匯出診斷報告
Export settings	匯出設定
Facebook crashed or froze within a minute of starting three times in a row, so Hushfacebook paused itself.	Facebook 連續三次在啟動後一分鐘內當機或凍結，因此 Hushfacebook 已自動暫停。
Facebook doesn't download ads or its ad model in the background.	Facebook 不會在背景下載廣告或廣告模型。
Facebook doesn't serve ads to other apps on this phone.	Facebook 不會向此手機上的其他 App 提供廣告。
Facebook dark mode and this screen use your wallpaper colours. Android 11 uses blue instead. Turn on Facebook dark mode to see it.	Facebook 深色模式與此畫面會使用桌布配色。Android 11 則使用藍色。請開啟 Facebook 深色模式以查看效果。
Joining the picture and sound	正在合併影像與聲音
From the next start, every switch but Debug logging acts as if it were off. Changes made when you patched stay in, and your choices stay saved.	從下次啟動開始，除「偵錯記錄」外的每個開關都會像關閉一樣運作。套用補丁時做出的變更仍會保留，你的選擇也會儲存。
Settings exported. The app holding the file wouldn't let Hushfacebook read it back, so it wasn't checked.	設定已匯出。持有該檔案的應用程式不允許 Hushfacebook 讀回，因此尚未檢查。
The app holding that file is taking too long, so Hushfacebook stopped waiting. Nothing was changed.	持有該檔案的應用程式回應太久，Hushfacebook 已停止等待。未變更任何內容。
The app holding the last settings file still hasn't answered. Try again later.	持有上一個設定檔的應用程式仍未回應。請稍後再試。
The app holding the settings file is taking too long, so Hushfacebook stopped waiting. That app may still finish saving it, so check the file before you rely on it.	持有設定檔的應用程式回應太久，Hushfacebook 已停止等待。該應用程式可能仍會完成儲存，使用前請先檢查檔案。
The file %1$s couldn't be removed. Delete it from %2$s, then tap Resume again.	無法移除檔案 %1$s。請從 %2$s 刪除它，然後再次點選「恢復」。
The settings file was saved, but it doesn't read back as what was written. Save it again as a new file.	設定檔已儲存，但讀回時與寫入內容不一致。請另存成新檔案。
Until you resume, every switch but Debug logging acts as if it were off. Changes made when you patched stay in.	在你恢復之前，除「偵錯記錄」外的每個開關都會像關閉一樣運作。套用補丁時做出的變更仍會保留。
Use your phone's emoji. Reactions and stickers stay the same. Restart Facebook after changing it.	使用手機系統的 Emoji。表情回應與貼圖維持不變。變更後請重新啟動 Facebook。
Use your phone's font or a file chosen below. Restart Facebook after changing it.	使用手機系統字型，或使用下方選擇的字型檔。變更後請重新啟動 Facebook。
Font file	字型檔
Use your phone's font	使用手機系統字型
Stops using the font file and goes back to your phone's font.	停止使用字型檔並恢復手機系統字型。
None chosen, so your phone's font is used. Choose a TrueType or OpenType file of up to %1$d MB.	尚未選擇，因此目前使用手機系統字型。可選擇最大 %1$d MB 的 TrueType 或 OpenType 字型檔。
Hushfacebook's copy of %1$s is gone, so your phone's font is used. Choose the file again.	Hushfacebook 保存的 %1$s 已不存在，因此改用手機系統字型。請重新選擇該檔案。
Using %1$s. Choose another file to replace it.	目前使用 %1$s。選擇其他檔案即可取代。
Copying the font file	正在複製字型檔
Font set to %1$s. Restart Facebook to see it.	字型已設為 %1$s。重新啟動 Facebook 後生效。
That isn't a TrueType or OpenType font file. Your font didn't change.	該檔案不是 TrueType 或 OpenType 字型。字型沒有變更。
That font file is over %1$d MB. Your font didn't change.	該字型檔超過 %1$d MB。字型沒有變更。
Android couldn't draw with that font file. Your font didn't change.	Android 無法使用該字型檔顯示內容。字型沒有變更。
Couldn't save a copy of that font. Check that the phone has room, then try again.	無法儲存該字型的副本。請確認手機有足夠空間後再試。
Couldn't open that file. Your font didn't change.	無法開啟該檔案。字型沒有變更。
Back to your phone's font. Restart Facebook to see it.	已恢復手機系統字型。重新啟動 Facebook 後生效。
Couldn't go back to your phone's font. Try again.	無法恢復手機系統字型。請再試一次。
Full report saved to %1$s	完整報告已儲存至 %1$s
GPL-3.0, with the notices of the projects this is built on	GPL-3.0，並附上本專案所採用各專案的聲明
Hide "People you may know"	隱藏「你可能認識的人」
Hide "Suggested for you" posts	隱藏「為你推薦」貼文
Hide AI-detected posts	隱藏 AI 偵測貼文
Hide promoted posts	隱藏推廣貼文
Hide Reels in the feed	隱藏動態消息中的 Reels
Hide sponsored posts	隱藏贊助貼文
Hide sponsored reels	隱藏贊助 Reels
Hide sponsored stories	隱藏贊助限時動態
Hide page suggestions and Facebook's own promos	隱藏粉絲專頁推薦與 Facebook 自家推廣
Hide the Stories tray	隱藏限時動態列
How far a photo or video you're saving has got, with a button to cancel it	顯示正在儲存的相片或影片進度，並提供取消按鈕
Hushfacebook %1$s on Facebook %2$s	Hushfacebook %1$s / Facebook %2$s
Hushfacebook is on	Hushfacebook 已啟用
Hushfacebook is paused	Hushfacebook 已暫停
Hushfacebook saves	Hushfacebook 儲存
Hushfacebook settings	Hushfacebook 設定
Hushfacebook settings couldn't open	無法開啟 Hushfacebook 設定
Hushfacebook turns back on when Facebook restarts.	Facebook 重新啟動後，Hushfacebook 會恢復啟用。
Import	匯入
Import settings	匯入設定
Importing settings	正在匯入設定
Licenses	授權條款
Link expired. Reopen the item and try again	連結已失效。請重新開啟該項目後再試
Links	連結
Material You theme	Material You 主題
News feed	動態消息
No screenshot watching for ads, and no reports of which apps you install.	不監控廣告截圖，也不回報你安裝了哪些 App。
Not saved: that isn't a Facebook photo or video	未儲存：這不是 Facebook 相片或影片
Not saved: the file is over 512 MB	未儲存：檔案超過 512 MB
OK	確定
Choose a folder name under Movies and Pictures. Invalid characters become underscores. Leave it blank to use the default folder, %1$s.	選擇 Movies 與 Pictures 下的資料夾名稱。無效字元會改成底線。留白則使用預設資料夾 %1$s。
Open links in your browser	使用瀏覽器開啟連結
Paid ads in the feed. They're dropped before Facebook adds them, so no gap is left.	動態消息中的付費廣告。會在 Facebook 加入前移除，因此不會留下空白。
Pause Hushfacebook	暫停 Hushfacebook
Posts Facebook files as promotions rather than as ads.	Facebook 歸類為推廣內容而不是廣告的貼文。
Posts Facebook slips into your feed from people and pages you don't follow and groups you haven't joined.	Facebook 插入動態消息中、來自你未追蹤的使用者與粉絲專頁，以及尚未加入社團的貼文。
Posts that Facebook's own detection marks as made with AI. A post that only its creator labelled as AI stays. It's off by default because it hasn't been tested on a real feed yet.	Facebook 自身偵測為 AI 產生的貼文。只有作者自行標註為 AI 的貼文仍會保留。此功能預設關閉，因為尚未在真實動態消息上完成測試。
Profiles and some Settings pages open again on this re-signed build.	讓重新簽章版本中的個人檔案與部分設定頁面恢復正常開啟。
Re-signed build fix	重新簽章版本修復
Reading the settings file	正在讀取設定檔
Reels and Watch	Reels 與 Watch
How to block Reels	如何封鎖 Reels
Reels show up in four places, and each one has its own control.	Reels 會出現在四個地方，每個地方都有自己的控制項。
Reels in the feed	動態消息中的 Reels
In News feed, Hide Reels in the feed blocks the rows of reels between posts.	在「動態消息」中，「隱藏動態消息中的 Reels」會封鎖貼文之間的 Reels 列。
Reels that play by themselves	會自動播放的 Reels
In Playback, Tap to play blocks autoplay, so reels and other videos wait for your tap.	在「播放」中，「點按播放」會封鎖自動播放，讓 Reels 與其他影片等待你點按。
The Reels tab	Reels 分頁
Facebook's own setting blocks it. Open Settings, Tab bar, Customize the bar and choose Hide next to Reels, which some accounts call Video. If neither is listed, choose the %1$s patch in Morphe Manager and patch again.	Facebook 本身的設定可以隱藏它。開啟「設定」→「分頁列」→「自訂分頁列」，在 Reels（部分帳號顯示為「影片」）旁選擇「隱藏」。如果清單中沒有，請在 Morphe Manager 選取 %1$s 補丁後重新套用。
In Reels and Watch, Hide the Reels tab blocks it after a restart.	在「Reels 與 Watch」中啟用「隱藏 Reels 分頁」後，重新啟動 Facebook 即會隱藏它。
Hide the Reels tab	隱藏 Reels 分頁
Take the Reels tab, called Video on some accounts, off the tab bar. Reel links and reels in the feed still open. Changes show after Facebook restarts.	從分頁列移除 Reels（部分帳號顯示為「影片」）分頁。Reels 連結與動態消息中的 Reels 仍可正常開啟。重新啟動 Facebook 後套用變更。
Facebook opens on Home while Hide the Reels tab is on, since Video is off the tab bar. Your choice stays saved.	啟用「隱藏 Reels 分頁」時，由於「影片」已從分頁列移除，Facebook 會從首頁開啟。你的選擇會保留。
Everything except Marketplace	除 Marketplace 外的所有內容
In Opening Facebook, Marketplace only blocks the feed, the Reels tab and the other social tabs after a restart.	在「開啟 Facebook」中，「僅使用 Marketplace」會在重新啟動後封鎖動態消息、Reels 分頁與其他社交分頁。
Not in this build. To block this, choose the %1$s patch in Morphe Manager and patch again.	此建置未包含。若要封鎖這項內容，請在 Morphe Manager 選擇 %1$s 補丁並重新套用補丁。
Remove tracking from shared links	移除分享連結中的追蹤參數
Retry	重試
Save any story	儲存任何限時動態
Save cancelled	已取消儲存
Save folder	儲存資料夾
Save full report	儲存完整報告
Saved to %1$s	已儲存至 %1$s
Saved to the gallery	已儲存到媒體庫
Saved to %1$s in lower quality than on Facebook	已儲存到 %1$s，但畫質低於 Facebook 上的原始版本
Saved to the gallery in lower quality than on Facebook	已儲存到相簿，但畫質低於 Facebook 上的原始版本
Saved. Restart Facebook to apply this change.	已儲存。重新啟動 Facebook 後套用此變更。
Save your switches and download settings to a file. Pause and Debug logging aren't included, and neither is the release check.	將開關與下載設定儲存到檔案。暫停、偵錯記錄與版本檢查不會包含在內。
Check for new Hushfacebook releases	檢查 Hushfacebook 新版本
Ask GitHub once a day at startup and show newer releases on the overview. Off by default. Nothing is downloaded.	每天啟動時向 GitHub 檢查一次，並在總覽顯示較新版本。預設關閉，不會下載任何內容。
Check now	立即檢查
Asks GitHub for the newest release right now, even with the switch above off.	立即向 GitHub 查詢最新版本，即使上方開關為關閉也會執行。
Checking GitHub now.	正在檢查 GitHub。
Hushfacebook %1$s is out. Update it in Morphe Manager.	Hushfacebook %1$s 已發布。請在 Morphe Manager 中更新。
It targets Facebook %1$s.	適用於 Facebook %1$s。
Hushfacebook %1$s targets Facebook %2$s.	Hushfacebook %1$s 適用於 Facebook %2$s。
You have the newest Hushfacebook release.	你目前使用的是最新 Hushfacebook。
The newest Hushfacebook release is %1$s.	最新 Hushfacebook 版本為 %1$s。
Couldn't reach GitHub. Try again later.	無法連線至 GitHub。請稍後再試。
GitHub is turning away checks from this network for now. Try again later.	GitHub 目前暫時拒絕來自此網路的檢查。請稍後再試。
GitHub's answer couldn't be used. Try again later.	無法使用 GitHub 的回應。請稍後再試。
Saves will go to a folder named %1$s.	儲存內容將放入名為 %1$s 的資料夾。
Saving a photo	正在儲存相片
Saving a video	正在儲存影片
Saving the settings file	正在儲存設定檔
Saving...	正在儲存…
Set when you patched	套用補丁時設定
Settings couldn't open	無法開啟設定
Settings couldn't refresh completely. Reopen settings and try again.	設定無法完整重新整理。請重新開啟設定後再試。
Settings exported.	設定已匯出。
Settings imported. %1$d switch changed.	設定已匯入。已變更 %1$d 個開關。
Settings imported. %1$d switches changed.	設定已匯入。已變更 %1$d 個開關。
Settings imported. Saves will go to a folder named %1$s.	設定已匯入。儲存內容將放入名為 %1$s 的資料夾。
Source code and issues	原始碼與問題回報
Stays in while paused	暫停時仍保持啟用
Stories	限時動態
Takes tracking tags such as mibextid off the links you share or copy. A facebook.com/share/ link is made for one share, so Facebook can still trace it back to you.	從你分享或複製的連結移除 mibextid 等追蹤標籤。facebook.com/share/ 連結是為單次分享建立，因此 Facebook 仍可能追溯來源。
Tap to turn it back on.	點一下即可重新啟用。
That file is too large to be a settings file. Nothing was changed.	該檔案太大，不可能是設定檔。未做任何變更。
That file isn't readable text, so it may have been damaged on the way. Nothing was changed.	該檔案不是可讀文字，可能在傳輸過程中損壞。未做任何變更。
That file lists a setting twice, so there's no telling which value to use. Nothing was changed.	該檔案重複列出同一設定，無法判斷要使用哪個值。未做任何變更。
That isn't a Hushfacebook settings file. Nothing was changed.	這不是 Hushfacebook 設定檔。未做任何變更。
That settings file holds a value Hushfacebook can't read. Nothing was changed.	該設定檔包含 Hushfacebook 無法讀取的值。未做任何變更。
That settings file is damaged or only partly downloaded. Nothing was changed.	該設定檔已損壞或僅下載部分內容。未做任何變更。
That settings file was written by a newer Hushfacebook than this one. Nothing was changed.	該設定檔由較新版 Hushfacebook 建立。未做任何變更。
the Audience Network block	Audience Network 封鎖
the black background in dark mode	深色模式的純黑背景
the block on downloading ads in the background	背景廣告下載封鎖
the block on reports of ad screenshots and app installs	廣告截圖與 App 安裝回報封鎖
The diagnostic report couldn't be saved yet. Try again in a moment.	目前尚無法儲存診斷報告。請稍後再試。
The diagnostic report couldn't be saved. Try again.	無法儲存診斷報告。請再試一次。
The file %1$s couldn't be removed. Delete it from %2$s to turn Hushfacebook back on.	無法移除檔案 %1$s。請從 %2$s 手動刪除，以重新啟用 Hushfacebook。
the part of the Reels ad block patched into the app	已直接套入 App 的 Reels 廣告封鎖部分
the re-signed build fix	重新簽章版本修復
the recoloured dark mode	重新配色的深色模式
The row of friend suggestions between posts, and the one on your own profile.	貼文之間的好友推薦列，以及你個人檔案上的好友推薦列。
The row of stories at the top of the feed, Create story included.	動態消息頂端的限時動態列，包括「建立限時動態」。
The rows of reels between posts, and the reels Facebook adds where your feed ends.	貼文之間的 Reels 列，以及 Facebook 在動態消息結尾加入的 Reels。
The setting couldn't finish updating. Its saved value is shown.	設定無法完成更新，目前顯示已儲存的值。
There's no diagnostic data to clear.	沒有可清除的診斷資料。
There's no diagnostic data to put back.	沒有可還原的診斷資料。
They're chosen in Morphe Manager when you patch, and Pause doesn't turn them off. Patch again to change them.	這些項目是在 Morphe Manager 套用補丁時選擇的，暫停功能不會關閉它們。若要變更，請重新套用補丁。
This phone has no file picker, so there's no way to choose a file here.	此手機沒有檔案選擇器，因此無法在此選擇檔案。
Try again, or go back to Facebook.	請再試一次，或返回 Facebook。
The switch takes effect when Facebook restarts.	此開關會在 Facebook 重新啟動後生效。
Use the system font	使用系統字型
Use the phone's emoji	使用手機 Emoji
Version	版本
Version %1$s for Facebook %2$s	版本 %1$s，適用 Facebook %2$s
Videos go to %1$s and photos to %2$s.	影片會儲存到 %1$s，相片則儲存到 %2$s。
Open web links in your browser. Facebook's own pages stay in the app.	在瀏覽器中開啟網頁連結。Facebook 自己的頁面仍留在 App 內開啟。
Record patch activity and show errors for a bug report. Leave off during normal use.	記錄補丁活動並顯示錯誤，供問題回報使用。一般使用時建議關閉。
You paused Hushfacebook.	你已暫停 Hushfacebook。
Your switches already match that file, so nothing will change.	目前開關已與該檔案相同，因此不會變更任何內容。
Keep feed position on return	返回時保留動態消息位置
Returning to Facebook within ten minutes keeps your place. Pull to refresh still works.	在十分鐘內返回 Facebook 會保留原本瀏覽位置。下拉重新整理仍可正常使用。
No time limit	無時間限制
With the switch above on, your place stays however long you're away. Pull to refresh and a fresh start still load new posts.	開啟上方開關後，無論離開多久都會保留你的位置。下拉重新整理與全新啟動仍會載入新貼文。
A finished story stays on screen until you tap or swipe. Turn this off for Facebook's timing.	限時動態播放完後會停留在畫面，直到你點擊或滑動。關閉此功能可恢復 Facebook 原本的自動切換。
View stories anonymously	匿名查看限時動態
Facebook isn't told which stories you watch, so you stay off their viewer lists. Replying or reacting still shows you, and stories you've watched keep their unwatched ring.	Facebook 不會收到你看過哪些限時動態，因此你的名字不會出現在觀看名單中。若回覆或傳送表情回應仍會顯示你的身分，而且看過的限時動態仍會保留未觀看的外框。
Stop Story auto-advance	停止限時動態自動切換
Copy a short report to the clipboard.	將簡短報告複製到剪貼簿。
Save the full report in Download/Morphe.	將完整報告儲存到 Download/Morphe。
Folder set to %1$s.	資料夾已設為 %1$s。
Save	儲存
Folder name	資料夾名稱
Hide prompts and promos under reels	隱藏 Reels 下方的提示與推廣
Remix, Use template, Add yours and Edits buttons, plus Stars, games, partner apps and outside links. The song and other labels stay.	隱藏「Remix」、「使用範本」、「輪到你了」、「Edits」按鈕，以及星星、遊戲、合作 App 與外部連結。歌曲與其他標籤會保留。
Hide the Follow button on reels	隱藏 Reels 的追蹤按鈕
The Follow button next to the reel's author. You can still follow them from their profile.	隱藏 Reel 作者旁的「追蹤」按鈕。你仍可從對方個人檔案追蹤。
Hide comment and reaction previews	隱藏留言與表情回應預覽
The comment Facebook previews under a reel and the bubbles of friends who reacted. Open the comments to see them all.	隱藏 Facebook 在 Reel 下方預覽的留言，以及有表情回應的好友泡泡。開啟留言仍可查看全部內容。
Download quality	下載畫質
Best	最佳
Smallest	最小
Each video saves at the best quality the player streams.	每部影片都以播放器串流提供的最佳畫質儲存。
Each video saves at its lowest quality, for the smallest file.	每部影片都以最低畫質儲存，以取得最小檔案。
Each video saves at %1$s or the closest quality below it. A video with nothing that low saves at the closest quality above.	每部影片會以 %1$s 或最接近且較低的畫質儲存。若沒有那麼低的畫質，則使用最接近且較高的畫質。
Videos will save at the best quality.	影片將以最佳畫質儲存。
Videos will save at their lowest quality, for the smallest files.	影片將以最低畫質儲存，以取得最小檔案。
Videos will save at %1$s or the closest quality below it. A video with nothing that low will save at the closest quality above.	影片將以 %1$s 或最接近且較低的畫質儲存。若沒有那麼低的畫質，則使用最接近且較高的畫質。
Settings imported.	設定已匯入。
Video file name	影片檔名
Videos are named %1$s. Photos keep Facebook's own %2$s names.	影片會命名為 %1$s。相片則保留 Facebook 原本的 %2$s 名稱。
Saved videos will be named %1$s.	儲存的影片將命名為 %1$s。
File name	檔案名稱
File name set to %1$s.	檔案名稱已設為 %1$s。
Hide AI-detected reels and videos	隱藏 AI 偵測的 Reels 與影片
No app on this phone can open the link. The address is %1$s.	此手機沒有 App 可以開啟該連結。網址為 %1$s。
Hushfacebook pauses when Facebook restarts.	Facebook 重新啟動後，Hushfacebook 會進入暫停狀態。
Pause, backup and diagnostics	暫停、備份與診斷
Updates	更新
Stop update prompts	停止更新提示
Facebook stops asking you to update through Meta App Manager and stops having it look for one. Chat promotions aimed at older versions go too. A patched build can't install Meta's updates anyway.	Facebook 不再要求你透過 Meta App Manager 更新，也不再讓它搜尋更新。針對舊版本的聊天升級推廣也會移除。套用補丁的版本本來就無法安裝 Meta 官方更新。
Reels and Watch videos that Facebook's own detection marks as made with AI, starting with the next batch Facebook loads. One that only its creator labelled as AI stays. It's off by default because it hasn't been tested on a real account yet.	隱藏 Facebook 自身偵測為 AI 產生的 Reels 與 Watch 影片，從下一批載入內容開始生效。只有作者自行標註為 AI 的內容會保留。此功能預設關閉，因為尚未在真實帳號完成測試。
Don't send reel watch history	不要傳送 Reel 觀看紀錄
Stop sending watched-reel lists to Facebook. It uses them to rank your feed, so watched reels may return.	停止向 Facebook 傳送已觀看 Reel 清單。Facebook 會用它排序你的內容，因此看過的 Reel 可能再次出現。
the rename of the shared permissions	共用權限重新命名
Room for Meta's apps	與 Meta App 共存
Messenger, Facebook Lite, Business Suite and Workplace install beside this Facebook. It gives the two permissions they share with it names of its own.	讓 Messenger、Facebook Lite、Business Suite 與 Workplace 可與此 Facebook 同時安裝。Facebook 會將與它們共用的兩個權限改成自己的名稱。
Opening Facebook	開啟 Facebook
Open on a chosen tab	從指定分頁開啟
Choose where Facebook opens from its icon. Notifications and links still open their destination.	選擇從 Facebook 圖示啟動時要開啟的分頁。通知與連結仍會開啟其原本目的地。
Tab to open on	啟動分頁
Home	首頁
Feeds	動態消息
Video	影片
Friends	朋友
Marketplace	Marketplace
Notifications	通知
Menu	功能表
Facebook opens on %1$s. If your tab bar doesn't have it, Facebook opens on Home.	Facebook 會開啟 %1$s。若分頁列沒有此項目，則開啟首頁。
Facebook will open on %1$s.	Facebook 將開啟 %1$s。
Jump to a section	跳至設定區段
Go straight to one group of settings. Back returns to where you were.	直接前往某一組設定。按返回會回到原本位置。
Save videos other apps can open	以其他 App 可開啟的格式儲存影片
For WhatsApp, video editors such as CapCut and InShot, or a gallery or player that plays saves without sound. May lower quality.	優先相容 WhatsApp、CapCut、InShot 等影片編輯器，以及可能播放已儲存影片但沒有聲音的相簿或播放器。可能降低畫質。
Chats	聊天室
Hide the Get Messenger card	隱藏「取得 Messenger」卡片
The card at the top of Chats that asks you to get the Messenger app goes while Messenger is installed. Without Messenger it stays, so you can still install it from there.	安裝 Messenger 後，聊天室頂端要求你取得 Messenger App 的卡片會隱藏。若未安裝 Messenger，卡片仍會保留，方便直接從該處安裝。
Open the Messenger app	開啟 Messenger 應用程式
Turn this on to open the Messenger app from Facebook's top Messenger icon. Turn it off to open Facebook's built-in Chats directly instead of Meta's Messenger redirect prompt. A long press keeps Facebook's own behavior.	開啟時，點擊 Facebook 頂部的 Messenger 圖示會直接開啟 Messenger 應用程式。關閉時則直接開啟 Facebook 內建「聊天」，略過 Meta 的 Messenger 跳轉詢問。長按仍保留 Facebook 原本行為。
Playback	播放
Tap to play	點擊播放
Videos, reels, stories and music wait for your tap. Facebook's Autoplay setting temporarily reads Off.	影片、Reels、限時動態與音樂都會等待你點擊後才播放。Facebook 的「自動播放」設定會暫時顯示為關閉。
Marketplace only	僅保留 Marketplace
Hide Upgrades	隱藏「升級」
The Upgrades section and its offers leave Facebook's Menu. Settings, Help and support and the rest of the Menu stay.	從 Facebook 功能表移除「升級」區段及其優惠內容。「設定」、「使用說明和支援」及其他功能表項目都會保留。
Hide Also from Meta	隱藏「Meta 旗下其他產品」
The Also from Meta section leaves Facebook's Menu, with its links to Meta's other apps and its ads for Meta's devices. Your own shortcuts stay.	從 Facebook 功能表移除「Meta 旗下其他產品」區段，包括其他 Meta App 連結與 Meta 裝置廣告。你自己的捷徑會保留。
Search	搜尋
Hide Meta AI in search	在搜尋中隱藏 Meta AI
Search results lose the Meta AI answer and the Ask Meta AI prompts, and a suggestion no longer sends your search to Meta AI. People, groups, pages and posts stay, and the Meta AI button still opens Meta AI.	搜尋結果不再顯示 Meta AI 回答與「詢問 Meta AI」提示，搜尋建議也不會再把你的搜尋導向 Meta AI。人物、社團、粉絲專頁與貼文仍會保留，Meta AI 按鈕本身仍可開啟 Meta AI。
Comments	留言
Default comment order	預設留言排序
Use the order below. A choice made on a post lasts until restart. Links to comments keep Facebook's order.	使用下方設定的排序。在貼文中手動選擇的排序會維持到重新啟動為止。從留言連結進入時仍使用 Facebook 原本的排序。
Comment order	留言排序
Facebook's choice	由 Facebook 決定
Most relevant	最相關
Newest	最新
All comments	所有留言
Comments open in the order Facebook picks, which is usually Most relevant.	留言會依 Facebook 選擇的排序開啟，通常為「最相關」。
A post's comments open with %1$s picked in their sort menu, where the post offers it.	若該貼文支援此排序，留言會以排序選單中的 %1$s 開啟。
Comments will open in the order Facebook picks.	留言將依 Facebook 選擇的順序開啟。
Comments will open with %1$s picked in their sort menu.	留言將以排序選單中的 %1$s 開啟。
Hide sponsored search results	隱藏贊助搜尋結果
Ads between the results when you search Facebook. What you searched for stays.	隱藏 Facebook 搜尋結果之間的廣告。真正的搜尋結果會保留。
Hide sponsored profile posts	隱藏個人檔案中的贊助貼文
Ads between the posts on someone's profile or a Page. Their own posts stay.	隱藏個人檔案或粉絲專頁貼文之間的廣告。原本的貼文會保留。
the settings row in Facebook's Menu	Facebook 功能表中的設定列
Hushfacebook settings can't open here. Long-press the Facebook logo instead.	無法從此處開啟 Hushfacebook 設定。請改為長按 Facebook 標誌。
Hide suggested groups	隱藏建議社團
The row of groups to join between posts, with its Discover more groups button. Posts from groups you're in stay.	隱藏貼文之間的加入社團推薦列及「探索更多社團」按鈕。你已加入社團的貼文仍會保留。
Hide "Stories you might like"	隱藏「你可能會喜歡的限時動態」
The row of Stories from people you aren't connected to that Facebook puts between posts. Your friends' Stories and the Stories tray stay.	隱藏 Facebook 插入貼文之間、來自你未連結對象的限時動態。好友限時動態與頂端限時動態列會保留。
Block trending video notifications	封鎖熱門影片通知
Trending videos and the reels Facebook picked for you stop showing up in your notifications.	停止顯示熱門影片及 Facebook 為你挑選的 Reels 通知。
Block memory notifications	封鎖回顧通知
Facebook's "On this day" memories stop showing up in your notifications.	停止顯示 Facebook「這一天」回顧通知。
Block birthday notifications	封鎖生日通知
No more reminders that it's a friend's birthday.	不再顯示朋友生日提醒。
Block group and Page highlights	封鎖社團與粉絲專頁精選通知
Digests of what's going on in groups, Pages and creators you follow stop. Comments, replies and mentions still come through.	停止顯示你追蹤的社團、粉絲專頁與創作者動態摘要。留言、回覆與提及通知仍會正常送達。
Block "People you may know"	封鎖「你可能認識的人」
Friend suggestions stop showing up in your notifications. Friend requests still come through.	停止顯示好友推薦通知。交友邀請仍會正常送達。
Block nearby and weather notifications	封鎖附近地點與天氣通知
Alerts about places near you and about the weather stop.	停止顯示附近地點及天氣相關通知。
What always comes through	永遠保留的通知
Messages, friend requests, comments, mentions, calls and login alerts, and any kind Hushfacebook doesn't know. Android's own settings for Facebook's notification categories work too, since Facebook drops a notification whose category you turned off. Facebook's server decides which categories you get, though, so they may not split these kinds out.	訊息、交友邀請、留言、提及、通話、登入警示，以及 Hushfacebook 尚未識別的通知類型都會保留。Android 對 Facebook 的通知分類設定也照常有效，因為 Facebook 會捨棄你關閉分類的通知。不過實際提供哪些通知分類由 Facebook 伺服器決定，因此不一定會將這些類型分開。
Hide suggested stories	隱藏建議限時動態
Keep friends and followed Pages in the Stories tray. Applies when Facebook next loads the tray.	限時動態列只保留好友與已追蹤粉絲專頁。Facebook 下次載入限時動態列時生效。
Hide sponsored Marketplace listings	隱藏 Marketplace 贊助刊登
Ads and boosted listings in Marketplace's feed and search results. The other listings stay.	隱藏 Marketplace 動態與搜尋結果中的廣告及加強推廣刊登，其他刊登內容仍會保留。
Hide posts with words you choose	依指定文字隱藏貼文
Posts whose text has a word or phrase from your list below. A post with a word from your keep list stays, and so does a post with no text. Your words only leave the phone in a settings file you export.	隱藏文字中包含下方清單指定單字或片語的貼文。若貼文含有保留清單中的文字則不隱藏，沒有文字的貼文也會保留。只有在你主動匯出設定檔時，這些文字才會離開手機。
Words to hide	要隱藏的文字
Words that keep a post	保留貼文的文字
One word or phrase per line, up to %1$d, each %2$d to %3$d characters long, or just one for an emoji, a Chinese character, a kana or a Hangul syllable. Capital letters don't matter, and a phrase matches anywhere in a post's text, inside longer words too.	每行輸入一個單字或詞組，最多 %1$d 行；每個項目需為 %2$d 至 %3$d 個字元。Emoji、單一中文字、假名或韓文字母可只輸入 1 個字元。不區分大小寫，而且只要詞組出現在貼文文字中即可匹配，即使位於較長單字內也會匹配。
A post with any of these stays, even when it also has a word to hide. One per line, up to %1$d, each %2$d to %3$d characters long, or just one for an emoji, a Chinese character, a kana or a Hangul syllable.	含有這些任一項目的貼文會保留，即使同時含有要隱藏的字詞。每行一個，最多 %1$d 行；每個項目需為 %2$d 至 %3$d 個字元。Emoji、單一中文字、假名或韓文字母可只輸入 1 個字元。
One word or phrase per line	每行一個單字或片語
No words yet, so no post is hidden.	尚未設定任何文字，因此不會隱藏貼文。
No words yet.	尚未設定任何文字。
%1$d word or phrase.	%1$d 個單字或片語。
%1$d words or phrases.	%1$d 個單字或片語。
Hid %1$d post since Facebook started.	Facebook 啟動後已隱藏 %1$d 篇貼文。
Hid %1$d posts since Facebook started.	Facebook 啟動後已隱藏 %1$d 篇貼文。
Your list of words to hide will be empty.	你的隱藏文字清單將清空。
Your list of words to hide will hold %1$d word or phrase.	你的隱藏文字清單將包含 %1$d 個單字或片語。
Your list of words to hide will hold %1$d words or phrases.	你的隱藏文字清單將包含 %1$d 個單字或片語。
Your list of words that keep a post will be empty.	你的保留貼文文字清單將清空。
Your list of words that keep a post will hold %1$d word or phrase.	你的保留貼文文字清單將包含 %1$d 個單字或片語。
Your list of words that keep a post will hold %1$d words or phrases.	你的保留貼文文字清單將包含 %1$d 個單字或片語。
Writing	撰寫
Tag suggestions only after @	只有輸入 @ 後才顯示標註建議
Type @ before Facebook suggests someone to tag in posts or comments. Your text stays unchanged.	在貼文或留言中先輸入 @，Facebook 才會建議可標註的人。你的文字內容不會被修改。
Resume long videos	續播長影片
Resume videos over two minutes where you left off. Seek to start elsewhere. Reels, live videos and ads start as usual.	超過兩分鐘的影片會從上次離開的位置繼續播放。你仍可拖曳進度條從其他位置開始。Reels、直播與廣告仍照原本方式開始播放。
Also hide posts labelled as AI	也隱藏標註為 AI 的貼文
Posts whose creator marked them as made with AI. Facebook puts its AI label next to the name on these as well as on the posts its detection found, and with this on, both kinds go. It's off by default because it hasn't been tested on a real feed yet.	隱藏作者自行標註為 AI 製作的貼文。Facebook 會在這類貼文及其自行偵測出的 AI 貼文名稱旁顯示 AI 標籤；開啟後兩者都會隱藏。此功能預設關閉，因為尚未在真實動態消息完成測試。
Return to regular Facebook	恢復一般 Facebook
Restore the normal tabs at the next restart. Your other settings stay saved.	下次重新啟動時恢復一般分頁。其他設定仍會保留。
Marketplace mode is off. Restart Facebook to restore its normal tabs.	Marketplace 模式已關閉。重新啟動 Facebook 後恢復一般分頁。
Couldn't save the change. Try again.	無法儲存變更。請再試一次。
Marketplace mode chooses the opening tab. Your previous choice stays saved.	Marketplace 模式會決定啟動分頁。你先前的選擇仍會保留。
Restart needed. Marketplace mode will turn on the next time Facebook starts.	需要重新啟動。Facebook 下次啟動時會開啟 Marketplace 模式。
Restart needed. The normal tabs will return the next time Facebook starts.	需要重新啟動。Facebook 下次啟動時會恢復一般分頁。
Marketplace is hidden in Facebook's tab settings. Show it under Settings, Tab bar, Customize the bar. Your normal tabs stay available.	Marketplace 在 Facebook 分頁設定中被隱藏。請到「設定 → 頁籤列 → 自訂頁籤列」將它顯示。一般分頁仍可使用。
Marketplace unavailable. Facebook hasn't supplied a Marketplace tab for this account. Your normal tabs stay available.	Marketplace 無法使用。Facebook 尚未為此帳號提供 Marketplace 分頁。一般分頁仍可使用。
Couldn't check the tab bar. Your normal tabs stay available. Restart Facebook to try again.	無法檢查分頁列。一般分頁仍可使用。重新啟動 Facebook 後再試。
Waiting for Facebook's tab bar. Marketplace mode will apply when Facebook builds it.	正在等待 Facebook 建立分頁列。建立完成後會套用 Marketplace 模式。
Off. Turn on to open Marketplace and hide the feed and other social tabs after restarting Facebook.	目前關閉。開啟後，重新啟動 Facebook 將直接進入 Marketplace，並隱藏動態消息及其他社交分頁。
Quiet social notifications	靜音社交通知
Skip feed preloading	略過動態消息預載
Marketplace mode is off.	Marketplace 模式已關閉。
Paused with Hushfacebook. Your Marketplace choice stays saved. Tabs already hidden return after a restart while paused.	Hushfacebook 已暫停。Marketplace 選擇仍會保留；暫停期間重新啟動後，已隱藏的分頁會恢復。
Silence video suggestions, memories, birthdays and friend suggestions while this mode is on. Messages and trading updates stay. Your other notification choices stay saved.	此模式開啟時，將影片推薦、回顧、生日與好友推薦通知靜音。訊息與交易更新仍會保留。其他通知設定不會改變。
Reduce background feed loading while Marketplace mode is active. Some loading can still happen during startup.	Marketplace 模式啟用時減少背景動態消息載入。啟動期間仍可能有部分載入。
Active. Marketplace, Notifications and Profile/Menu stay. Find Hushfacebook settings in Menu, under Settings and privacy.	已啟用。保留 Marketplace、通知及個人檔案／功能表。Hushfacebook 設定位於功能表的「設定和隱私」中。
Marketplace mode and your start tab	Marketplace 模式與啟動分頁
Ads, suggestions and word filters	廣告、推薦與文字篩選
Suggestions, saving, auto-advance and viewing anonymously	建議、儲存、自動播放下一則與匿名查看
Cleaner reels and video controls	Reels 清理與影片控制
Tap to play, quality and resume	點擊播放、畫質與續播
Quality, format and file names	畫質、格式與檔案名稱
Browse settings	瀏覽設定
More settings	更多設定
Additional Facebook preferences	其他 Facebook 偏好設定
No matching settings	找不到符合的設定
%1$d setting found	找到 %1$d 個設定
%1$d settings found	找到 %1$d 個設定
Try a different word or clear the search.	請嘗試其他關鍵字或清除搜尋。
Search settings	搜尋設定
Clear search	清除搜尋
Your controls are active.	你的控制功能目前已啟用。
Your choices are saved. Tap Resume, then restart Facebook.	你的選擇已儲存。點選「恢復」，然後重新啟動 Facebook。
Pause	暫停
Resume	恢復
Undo	復原
Example without post details	不含貼文詳細資料的範例
Supported links	支援的連結
Android verified this app for Facebook's web addresses, so their links open here.	Android 已將此應用程式驗證為 Facebook 網址的處理程式，因此這些連結會在這裡開啟。
Facebook's web addresses are selected for this app in Android's settings, so their links open here.	Facebook 的網址已在 Android 設定中選給此應用程式，因此這些連結會在這裡開啟。
Only some of Facebook's web addresses are selected for this app, and links to the rest open elsewhere. Tap to select them in Android's settings.	只有部分 Facebook 網址選給此應用程式，其餘連結會在其他地方開啟。點一下可在 Android 設定中選取。
None of Facebook's web addresses are selected for this app, so their links open elsewhere. Tap to select them in Android's settings.	沒有任何 Facebook 網址選給此應用程式，因此這些連結會在其他地方開啟。點一下可在 Android 設定中選取。
Opening supported links is off for this app in Android's settings. Tap to turn it on.	此應用程式的「開啟支援的連結」已在 Android 設定中關閉。點一下可開啟。
Android didn't say which links open here. Tap to check in Android's settings.	Android 沒有說明哪些連結會在這裡開啟。點一下可在 Android 設定中檢查。
Android 11 doesn't say which links open here. Tap to open this app's settings, then Open by default.	Android 11 不會說明哪些連結會在這裡開啟。點一下可開啟此應用程式的設定，然後前往「預設開啟」。
Selecting links by hand	手動選擇連結
Android checks Facebook's links against Meta's signing key, which a re-signed build doesn't have. Selecting the addresses sends their links here again. It doesn't restore Meta's verification, and your other link settings stay as they are.	Android 會用 Meta 的簽署金鑰檢查 Facebook 連結，而重新簽署的建置沒有這把金鑰。選取這些網址可再次讓其連結在這裡開啟。這不會恢復 Meta 的驗證，你的其他連結設定也會保留。
Android's settings for this app didn't open. Open App info from Facebook's icon, then Open by default.	無法開啟此應用程式的 Android 設定。請從 Facebook 圖示開啟「應用程式資訊」，再前往「預設開啟」。
Saving... Cancel: Downloads in Hushfacebook.	正在儲存… 若要取消，請到 Hushfacebook 的「下載」設定。
Turn off double tap to like	關閉雙擊按讚
A double tap on a reel or video no longer likes it or shows a heart. A single tap and the Like button work as before.	雙擊 Reels 或影片時不再按讚，也不會顯示愛心。單擊與「讚」按鈕仍照原本方式運作。
Keep the reel speed	保留 Reels 播放速度
A playback speed you pick in a reel's menu stays for the next reels until you pick another or Facebook restarts. Off, every reel starts at normal speed.	在 Reels 選單中選擇的播放速度會套用到後續 Reels，直到你選擇其他速度或重新啟動 Facebook。關閉時，每則 Reels 都會以正常速度開始播放。
Hold a reel for 2x	長按 Reels 以 2 倍速播放
Holding a reel plays it at double speed until you let go, in place of Facebook's long-press menu. The reel's more button still opens that menu.	長按 Reels 時會以 2 倍速播放，放開後恢復，並取代 Facebook 原本的長按選單。Reels 的「更多」按鈕仍可開啟該選單。
Default playback quality	預設播放畫質
Play videos, reels and stories at the quality below. A quality picked in a video's own menu still wins.	影片、Reels 與限時動態會使用下方設定的畫質播放。若你在影片本身的選單中另外選擇畫質，則以該選擇為準。
Playback quality	播放畫質
Auto	自動
Data saver	節省數據
Up to %1$s	最高 %1$s
Highest	最高畫質
Facebook picks the quality as each video plays, from your connection.	Facebook 會依照你的連線狀況，為每部影片自動選擇播放畫質。
Videos play at the lowest quality Facebook offers for each.	每部影片都以 Facebook 提供的最低畫質播放。
Videos play at the best quality up to %1$s that Facebook offers for each, or the closest above.	每部影片會以 Facebook 提供且不高於 %1$s 的最佳畫質播放；若沒有完全符合的畫質，則使用最接近的較高畫質。
Videos play at the highest quality Facebook offers for each.	每部影片都以 Facebook 提供的最高畫質播放。
Facebook will pick the quality videos play at.	Facebook 將自行選擇影片播放畫質。
Playback quality will be set to %1$s.	播放畫質將設為 %1$s。
Test the Messenger link	測試 Messenger 連結
Runs the two reads Facebook makes of Messenger at startup, now, and shows whether each one answered. Shown while Debug logging is on.	立即執行 Facebook 啟動時對 Messenger 進行的兩次讀取，並顯示各自是否有回應。僅在開啟「除錯記錄」時顯示。
The Messenger link test couldn't start.	無法啟動 Messenger 連結測試。
This build can't run the Messenger link test.	此版本無法執行 Messenger 連結測試。
No signed-in account to test with.	沒有可供測試的已登入帳號。
Opt-out read: %1$s. Triggered read: %2$s.	選擇退出讀取：%1$s。觸發讀取：%2$s。
no answer	無回應
answered	已回應
failed (%1$s)	失敗（%1$s）
Hide the Reels tab dot	隱藏 Reels 分頁提示點
No dot or new count on the Reels tab, called Video on some accounts. Other tabs keep theirs.	Reels（部分帳號顯示為「影片」）分頁不再顯示提示點或新項目數量，其他分頁不受影響。
%1$d default patch isn't in this build	此版本缺少 %1$d 個預設補丁
%1$d default patches aren't in this build	此版本缺少 %1$d 個預設補丁
Tap to see which.	點擊查看有哪些。
Not in this build: %1$s. Morphe Manager selects it by default. Patch again with it selected to get what it does.	此版本未包含：%1$s。Morphe Manager 預設會選取此補丁。請重新套用並選取它，以取得其功能。
Not in this build: %1$s. Morphe Manager selects them by default. Patch again with them selected to get what they do.	此版本未包含：%1$s。Morphe Manager 預設會選取這些補丁。請重新套用並選取它們，以取得其功能。
Saved, but WhatsApp and some editors may refuse it	已儲存，但 WhatsApp 與部分編輯器可能無法開啟
Saved, but WhatsApp may refuse it. Fix: Downloads in Hushfacebook.	已儲存，但 WhatsApp 可能無法開啟。修正方式：到 Hushfacebook 的「下載」設定。
Turn on %1$s to save videos they all play.	開啟 %1$s，即可以這些應用程式都能播放的格式儲存影片。
WhatsApp and some editors may refuse this video	WhatsApp 與部分編輯器可能無法開啟此影片
Open the setting	開啟設定
Hide post prompts	隱藏貼文互動提示
The strip on some posts, like "Are you interested in this post?", "Show less" or who recently commented, and the follow and chat suggestions in the same place. The post stays.	隱藏部分貼文上的提示列，例如「你對這則貼文有興趣嗎？」、「少顯示這類內容」或最近留言者，以及同一位置的追蹤與聊天建議。貼文本身仍會保留。
Hide reel interest prompts	隱藏 Reels 興趣提示
No "Are you interested in this reel?" prompt on reels. The reel plays as usual.	Reels 不再顯示「你對這則 Reels 有興趣嗎？」提示；Reels 仍照常播放。
Hide affiliate product links	隱藏聯盟商品連結
The product cards of shop links creators add to posts, on reels, under feed posts and in the comments. The "Commission eligible" label stays.	隱藏創作者加入貼文的商店連結商品卡片，包括 Reels、動態貼文下方與留言中的商品卡片。「可獲得佣金」標示仍會保留。
Send to app	傳送到應用程式
Send the link to	將連結傳送至
Couldn't open an app for this link	找不到可開啟此連結的應用程式
Video link	影片連結
Link copied	已複製連結
Couldn't find this reel's link	找不到這則 Reels 的連結
Couldn't find this video's link	找不到這部影片的連結
When you tap Download	點擊「下載」時
Save to phone	儲存到手機
Send the link to an app	將連結傳送到應用程式
Reels and videos go to the app below as a facebook.com link. Hold the reel Download button to copy the link instead. Stories still save to this phone.	Reels 與影片會以 facebook.com 連結傳送到下方的應用程式。長按 Reels 的「下載」按鈕可改為複製連結。限時動態仍會儲存到此手機。
Reels, videos and stories save to this phone.	Reels、影片與限時動態都會儲存到此手機。
App to send to	要傳送到的應用程式
The package name of the app that gets the links, such as %1$s for YTDLnis or %2$s for Seal. Leave it blank to pick an app each time.	接收連結的應用程式套件名稱，例如 YTDLnis 的 %1$s 或 Seal 的 %2$s。留白則每次都由你選擇應用程式。
Package name	套件名稱
%1$s isn't a package name, so the app stays as it was.	%1$s 不是有效的套件名稱，因此目前的應用程式設定不會變更。
Android asks which app each time.	Android 每次都會詢問要使用哪個應用程式。
Links go to %1$s. When it isn't installed, Android asks which app.	連結會傳送到 %1$s。若未安裝，Android 會詢問要使用哪個應用程式。
Interface language	介面語言
Follow system	跟隨系統
Follow Facebook	跟隨 Facebook
Traditional Chinese	繁體中文
English	英文
%1$s becomes the date and time of the save, %2$s the video's number on Facebook, %3$s who posted it, %4$s their profile's number on Facebook and %5$s the day it was posted. What a save doesn't know is left out, and a name with none of these gets the date added. When the name is already in the folder, the time of the save goes on the end. Invalid characters become underscores. Leave it blank to use the default, %6$s.	%1$s 會替換為儲存日期與時間，%2$s 為影片在 Facebook 上的編號，%3$s 為發佈者名稱，%4$s 為其 Facebook 個人檔案或粉絲專頁編號，%5$s 為發佈日期。儲存時無法取得的資訊會略過；若檔名不含上述任何資訊，會附加日期。若資料夾中已有同名檔案，會在結尾附加儲存時間。無效字元會改成底線。留白則使用預設名稱 %6$s。
Android will ask which app gets the links each time.	Android 每次都會詢問要用哪個應用程式開啟連結。
Choose a folder name under %1$s. Invalid characters become underscores. Leave it blank to use the default folder, %2$s.	在 %1$s 下選擇資料夾名稱。無效字元會改成底線。留白則使用預設資料夾 %2$s。
Dark mode draws %1$s instead of dark grey. Turn on dark mode in Facebook to see it.	深色模式會以 %1$s 取代深灰色。請先在 Facebook 開啟深色模式以查看效果。
Hide "Find friends from contacts"	隱藏「從聯絡人尋找朋友」
Hide Meta AI questions under posts	隱藏貼文下方的 Meta AI 問題
Hide the Feeds header	隱藏 Feeds 標題列
Keep post dates	保留貼文日期
Links will go to %1$s.	連結將使用 %1$s 開啟。
Movies and Pictures	Movies 與 Pictures
Open the Feeds tab on its posts, without the title row or the filters under it. Restart Facebook after changing it.	開啟 Feeds 分頁時直接顯示貼文，不顯示標題列及下方篩選器。變更後請重新啟動 Facebook。
Put Facebook's tab bar at the bottom of the screen on accounts that have it at the top. Restart Facebook after changing it.	將 Facebook 分頁列移到畫面底部，適用於目前顯示在頂部的帳號。變更後請重新啟動 Facebook。
Reels and videos will save to this phone when you tap Download.	點選「下載」時，Reels 和影片會儲存到此手機。
Save to	儲存位置
Tab bar at the bottom	分頁列置底
Tapping Download on a reel or video will send its link to an app.	點選 Reel 或影片的「下載」時，會把其連結傳送到指定應用程式。
The line under the poster's name keeps the post's date instead of Facebook's rotating details, which go blank on some phones.	發佈者名稱下方會保留貼文日期，不再被 Facebook 的輪替資訊取代；某些手機上該資訊甚至會變成空白。
The row of friend suggestions between posts, the one on your own profile, and the cards with an Add button in the Stories tray.	貼文之間的好友推薦列、你個人檔案上的推薦列，以及限時動態列中帶有「新增」按鈕的卡片。
The row of Meta AI questions under some posts. The post, its link card and its buttons stay.	隱藏部分貼文下方的 Meta AI 問題列；貼文、連結卡片與按鈕仍會保留。
the start-up fix for x86 devices	x86 裝置啟動修復
The Stories tray card asking to upload your contacts. Applies when Facebook next loads the tray.	限時動態列中要求上傳聯絡人的卡片。會在 Facebook 下次載入限時動態列時生效。
Videos and photos go to %1$s, next to the camera's. Saves you already have stay where they are.	影片與相片會儲存到 %1$s，與相機拍攝內容放在一起。已儲存的檔案不會移動。
Videos and photos go to %1$s, with the phone's other downloads. Saves you already have stay where they are.	影片與相片會儲存到 %1$s，與手機其他下載內容放在一起。已儲存的檔案不會移動。
Videos and photos go to %1$s.	影片與相片會儲存到 %1$s。
Videos and photos will go to %1$s.	影片與相片將儲存到 %1$s。
Videos go to %1$s and photos to %2$s, as Facebook's own saves do. Some galleries don't show %1$s.	影片會儲存到 %1$s，相片會儲存到 %2$s，與 Facebook 原生儲存方式相同。部分相簿應用程式不會顯示 %1$s。
Videos will go to %1$s and photos to %2$s.	影片將儲存到 %1$s，相片將儲存到 %2$s。

# Nivqo additions
%1$d line was left out. A phrase needs %2$d to %3$d characters, or just one for an emoji, a Chinese character, a kana or a Hangul syllable. One given twice counts once.	%1$d 行已略過。每個詞句需要 %2$d 到 %3$d 個字元；若是表情符號、中文字、假名或韓文字節，只需 1 個字元。相同內容重複輸入只計算一次。
%1$d lines were left out. A phrase needs %2$d to %3$d characters, or just one for an emoji, a Chinese character, a kana or a Hangul syllable. One given twice counts once.	%1$d 行已略過。每個詞句需要 %2$d 到 %3$d 個字元；若是表情符號、中文字、假名或韓文字節，只需 1 個字元。相同內容重複輸入只計算一次。
A list holds up to %1$d phrases, and this one has more. Remove some, then save again.	每個清單最多可包含 %1$d 個詞句，目前已超出上限。請刪除部分內容後再儲存。
Adds Saved to Facebook's icon menu when there's room. Existing shortcuts stay.	在空間允許時，將「已儲存」加入 Facebook 圖示選單。現有捷徑不受影響。
All	全部
Apply whole-word matching to both lists. For example, hat matches hat! but not what or hats.	對兩個清單套用完整單字比對。例如 hat 會符合 hat!，但不會符合 what 或 hats。
Both lists together fill %1$d%% of the room they share.	兩個清單合計已使用共用空間的 %1$d%%。
Both lists together would fill %1$d%% of the room they share. Remove or shorten some phrases, then save again.	兩個清單合計將使用共用空間的 %1$d%%。請刪除或縮短部分詞句後再儲存。
Build %1$s	組建 %1$s
Couldn't open or share that saved file. Try again.	無法開啟或分享該已儲存檔案，請再試一次。
Facebook's web addresses open here now.	Facebook 的網址現在會由這裡開啟。
Favorites	最愛
Feeds opens on	「動態消息」開啟於
Force dark mode	強制深色模式
Groups	社團
Hide Stories between posts	隱藏貼文之間的限時動態
Hide story prompts	隱藏限時動態提示
Instagram	Instagram
Instagram can keep facebook.com links for itself, so their switches for this app turn themselves back off. Tap and turn off Open supported links there, then check Supported links above.	Instagram 可能會保留 facebook.com 連結的處理權，導致此應用程式的相關開關再次關閉。點一下並在 Instagram 中關閉「開啟支援的連結」，再回來檢查上方的「支援的連結」。
Instagram's settings didn't open. Open App info from Instagram's icon, then Open by default.	無法開啟 Instagram 的設定。請長按 Instagram 圖示開啟「應用程式資訊」，再進入「預設開啟」。
Keep Facebook in dark mode whatever its own setting says, for tablets where Facebook's settings have no Dark mode. Restart Facebook after changing it.	無論 Facebook 自己的設定為何，都保持深色模式，適用於 Facebook 設定中沒有「深色模式」的平板。變更後請重新啟動 Facebook。
Match whole words	比對完整單字
Messenger	Messenger
Messenger can keep facebook.com and m.me links for itself, so their switches for this app turn themselves back off. Tap and turn off Open supported links there, then check Supported links above.	Messenger 可能會保留 facebook.com 和 m.me 連結的處理權，導致此應用程式的相關開關再次關閉。點一下並在 Messenger 中關閉「開啟支援的連結」，再回來檢查上方的「支援的連結」。
Messenger's settings didn't open. Open App info from Messenger's icon, then Open by default.	無法開啟 Messenger 的設定。請長按 Messenger 圖示開啟「應用程式資訊」，再進入「預設開啟」。
Meta App Manager	Meta App Manager
Meta App Manager can keep Facebook's web addresses for itself, so their links skip this app. Tap and turn off Open supported links there, then check Supported links above.	Meta App Manager 可能會保留 Facebook 網址的處理權，讓這些連結略過此應用程式。點一下並在其中關閉「開啟支援的連結」，再回來檢查上方的「支援的連結」。
Meta App Manager's settings didn't open. Find it in Android's app list with system apps shown, then Open by default.	無法開啟 Meta App Manager 的設定。請在 Android 應用程式清單中顯示系統應用程式後找到它，再進入「預設開啟」。
Off	關閉
On	開啟
Open	開啟
Pages	粉絲專頁
Patch again with %1$s selected. Re-signed builds need it for profiles and some Facebook Settings pages.	請重新修補並選取 %1$s。重新簽署的版本需要此補丁，才能正常開啟個人檔案與部分 Facebook 設定頁面。
Photo saved	照片已儲存
Profiles and some Settings pages won't open	個人檔案與部分設定頁面將無法開啟
Rows, large tiles and viewers of Stories between posts, starting with the next feed Facebook loads. The top Stories tray has its own switch.	從 Facebook 下次載入動態消息開始，隱藏貼文之間的限時動態列、大型卡片與檢視區。頂部的限時動態列有獨立開關。
Saved	已儲存
Saved isn't available in this build.	此版本無法使用「已儲存」。
Saved now %1$s. After import %2$s.	目前「已儲存」為 %1$s。匯入後為 %2$s。
Saved shortcut	「已儲存」捷徑
Share	分享
That saved file is no longer available.	該已儲存檔案已無法使用。
The Feeds tab will open on %1$s.	「動態消息」分頁將開啟於 %1$s。
The Feeds tab will open on the filter Facebook picks.	「動態消息」分頁將使用 Facebook 選擇的篩選方式。
The cards beside Create story that suggest a story to make, like Share music you love. Applies when Facebook next loads the tray.	隱藏「建立限時動態」旁邊建議你製作限時動態的卡片，例如「分享你喜愛的音樂」。Facebook 下次載入該區域時生效。
The word lists in that file are longer than the two lists have room for. Nothing was changed.	該檔案中的單字清單超過兩個清單可用的共同容量，因此未套用任何變更。
There's no app here that can open or share this saved file.	目前沒有應用程式可以開啟或分享這個已儲存檔案。
Video saved	影片已儲存
When Facebook opens on Feeds, the Feeds tab opens on %1$s. If your Feeds tab doesn't have it, it opens as usual.	當 Facebook 開啟「動態消息」時，「動態消息」分頁會開啟於 %1$s。若你的「動態消息」分頁沒有此項目，則會照原本方式開啟。
When Facebook opens on Feeds, the Feeds tab opens on the filter Facebook picks.	當 Facebook 開啟「動態消息」時，「動態消息」分頁會使用 Facebook 選擇的篩選方式。
Your launcher has no room for another shortcut.	啟動器沒有空間可再加入捷徑。
facebook.com and m.me links open here now.	facebook.com 和 m.me 連結現在會由這裡開啟。
facebook.com links open here now.	facebook.com 連結現在會由這裡開啟。
